"File","Sheet","Row","Source","Type","Field","Value","Message"
"orderIntake","Sheet1","","","WARNING","sellerName","GENERAL","Seller ""GENERAL"" could not be resolved to an active User or Employee; original sale person was preserved. (1344 rows; sample row 4: ""GENERAL"")"
"orderIntake","Sheet1","101","260100104","FINANCIAL_MISMATCH","onBooking","8389080","Booking payments 8389080 exceed the MSRP total 6889080; source values are preserved for review."
"orderIntake","Sheet1","625","260100645","FINANCIAL_MISMATCH","onBooking","7909081","Booking payments 7909081 exceed the MSRP total 7909080; source values are preserved for review."
"orderIntake","Sheet1","674","260100695","FINANCIAL_MISMATCH","onBooking","7964080","Booking payments 7964080 exceed the MSRP total 7909080; source values are preserved for review."
"orderIntake","Sheet1","952","260200135","FINANCIAL_MISMATCH","onBooking","7909080","Booking payments 7909080 exceed the MSRP total 6889080; source values are preserved for review."
"orderIntake","Sheet1","1020","260200204","FINANCIAL_MISMATCH","onBooking","11192780","Booking payments 11192780 exceed the MSRP total 10765080; source values are preserved for review."
"orderIntake","Sheet1","1155","260300127","FINANCIAL_MISMATCH","onBooking","7955080","Booking payments 7955080 exceed the MSRP total 7909080; source values are preserved for review."
"orderIntake","Sheet1","1240","260500011","FINANCIAL_MISMATCH","onBooking","10765160","Booking payments 10765160 exceed the MSRP total 10765080; source values are preserved for review."
"orderIntake","Sheet1","1350","260700035","WARNING","sellerName","PALVISHA","Seller ""PALVISHA"" could not be resolved to an active User or Employee; original sale person was preserved."
"orderIntake","Sheet1","1353","260700033","WARNING","sellerName","YASIR","Seller ""YASIR"" could not be resolved to an active User or Employee; original sale person was preserved."
"orderIntake","Sheet1","","","WARNING","sellerName","MIRAJ","Seller ""MIRAJ"" could not be resolved to an active User or Employee; original sale person was preserved. (2 rows; sample row 1356: ""MIRAJ"")"
"orderIntake","Sheet1","1360","260700034","WARNING","sellerName","HASEEB","Seller ""HASEEB"" could not be resolved to an active User or Employee; original sale person was preserved."
"orderSales","Sheet1","","","UNMAPPED_COLUMN","SAP Sales Order No.","0100004824","Source column ""SAP Sales Order No."" has data but no safe target mapping. (1287 rows; sample row 3: ""0100004824"")"
"orderSales","Sheet1","","","UNMAPPED_COLUMN","SAP Customer No.","4010003767","Source column ""SAP Customer No."" has data but no safe target mapping. (1287 rows; sample row 3: ""4010003767"")"
"orderSales","Sheet1","","","UNMAPPED_COLUMN","Tax U/S 153(1)(a) WHT","0","Source column ""Tax U/S 153(1)(a) WHT"" has data but no safe target mapping. (1349 rows; sample row 3: ""0"")"
"orderSales","Sheet1","","","UNMAPPED_COLUMN","1/5 of GST","0","Source column ""1/5 of GST"" has data but no safe target mapping. (1349 rows; sample row 3: ""0"")"
"orderSales","Sheet1","","","UNMAPPED_COLUMN","Balance Due Date","15-Feb-2026","Source column ""Balance Due Date"" has data but no safe target mapping. (1349 rows; sample row 3: ""15-Feb-2026"")"
"orderSales","Sheet1","","","UNMAPPED_COLUMN","OEM Remarks","14/Missing-Acknowledgements","Source column ""OEM Remarks"" has data but no safe target mapping. (1154 rows; sample row 3: ""14/Missing-Acknowledgements"")"
"orderSales","Sheet1","","","UNMAPPED_COLUMN","Document Approval Status","Pending","Source column ""Document Approval Status"" has data but no safe target mapping. (1349 rows; sample row 3: ""Pending"")"
"orderSales","Sheet1","","","UNMAPPED_COLUMN","Document Upload Status","UN COMPLETE DOCUMENT","Source column ""Document Upload Status"" has data but no safe target mapping. (1344 rows; sample row 3: ""UN COMPLETE DOCUMENT"")"
"orderSales","Sheet1","","","UNMAPPED_COLUMN","Signed & Stamped PBO","3","Source column ""Signed & Stamped PBO"" has data but no safe target mapping. (1349 rows; sample row 3: ""3"")"
"orderSales","Sheet1","","","UNMAPPED_COLUMN","Partial Amount Pay Order","2","Source column ""Partial Amount Pay Order"" has data but no safe target mapping. (1349 rows; sample row 3: ""2"")"
"orderSales","Sheet1","","","UNMAPPED_COLUMN","Partial Amount Deposit Slip","1","Source column ""Partial Amount Deposit Slip"" has data but no safe target mapping. (1349 rows; sample row 3: ""1"")"
"orderSales","Sheet1","","","UNMAPPED_COLUMN","Purchase Order","0","Source column ""Purchase Order"" has data but no safe target mapping. (1349 rows; sample row 3: ""0"")"
"orderSales","Sheet1","","","UNMAPPED_COLUMN","STRN","0","Source column ""STRN"" has data but no safe target mapping. (1349 rows; sample row 3: ""0"")"
"orderSales","Sheet1","","","UNMAPPED_COLUMN","Sales Tax Undertaking","1","Source column ""Sales Tax Undertaking"" has data but no safe target mapping. (1349 rows; sample row 3: ""1"")"
"orderSales","Sheet1","","","UNMAPPED_COLUMN","Price Ack. Undertaking","1","Source column ""Price Ack. Undertaking"" has data but no safe target mapping. (1349 rows; sample row 3: ""1"")"
"orderSales","Sheet1","","","UNMAPPED_COLUMN","Balance Amount Pay Order","1","Source column ""Balance Amount Pay Order"" has data but no safe target mapping. (1349 rows; sample row 3: ""1"")"
"orderSales","Sheet1","","","UNMAPPED_COLUMN","Balance Amount Deposit Slip","1","Source column ""Balance Amount Deposit Slip"" has data but no safe target mapping. (1349 rows; sample row 3: ""1"")"
"orderSales","Sheet1","","","UNMAPPED_COLUMN","Others","1","Source column ""Others"" has data but no safe target mapping. (1349 rows; sample row 3: ""1"")"
"orderSales","Sheet1","","","UNMAPPED_COLUMN","Document Remarks",",,,wrong attachment,,not readable,,not readable,,,,,,","Source column ""Document Remarks"" has data but no safe target mapping. (233 rows; sample row 3: "",,,wrong attachment,,not readable,,not readable,,,,,,"")"
"orderSales","Sheet1","","","UNMAPPED_COLUMN","PGI Date","15-Apr-2026","Source column ""PGI Date"" has data but no safe target mapping. (778 rows; sample row 3: ""15-Apr-2026"")"
"orderSales","Sheet1","","","UNMAPPED_COLUMN","Arrival No.","260500096","Source column ""Arrival No."" has data but no safe target mapping. (778 rows; sample row 3: ""260500096"")"
"orderSales","Sheet1","","","UNMAPPED_COLUMN","Arrival Date","13-May-2026","Source column ""Arrival Date"" has data but no safe target mapping. (778 rows; sample row 3: ""13-May-2026"")"
"orderSales","Sheet1","","","UNMAPPED_COLUMN","PDI Request No.","260500085","Source column ""PDI Request No."" has data but no safe target mapping. (718 rows; sample row 3: ""260500085"")"
"orderSales","Sheet1","","","UNMAPPED_COLUMN","PDI Request Date","13-May-2026","Source column ""PDI Request Date"" has data but no safe target mapping. (718 rows; sample row 3: ""13-May-2026"")"
"orderSales","Sheet1","","","UNMAPPED_COLUMN","D.O. No.","260500086","Source column ""D.O. No."" has data but no safe target mapping. (717 rows; sample row 3: ""260500086"")"
"orderSales","Sheet1","","","UNMAPPED_COLUMN","D.O. Date","13-May-2026","Source column ""D.O. Date"" has data but no safe target mapping. (717 rows; sample row 3: ""13-May-2026"")"
"orderSales","Sheet1","","","WARNING","sellerName","GENERAL","Seller ""GENERAL"" could not be resolved to an active User or Employee; original sale person was preserved. (1344 rows; sample row 3: ""GENERAL"")"
"orderSales","Sheet1","","","UNMAPPED_COLUMN","Administrative Charges","0","Source column ""Administrative Charges"" has data but no safe target mapping. (1343 rows; sample row 4: ""0"")"
"orderSales","Sheet1","94","260100096","FINANCIAL_MISMATCH","payments.2.amountReceived","6409080","Installment 2 repeats an earlier installment (same amount, date and instrument); the duplicate was dropped so the paid amount is not counted twice."
"orderSales","Sheet1","94","260100096","FINANCIAL_MISMATCH","payments.4.amountReceived","1500000","Installment 4 repeats an earlier installment (same amount, date and instrument); the duplicate was dropped so the paid amount is not counted twice."
"orderSales","Sheet1","94","260100096","FINANCIAL_MISMATCH","payments","7909080","Installment sum 7909080 differs from Total Amount Received 15818160; source totals are preserved without inventing a balancing installment."
"orderSales","Sheet1","94","260100096","FINANCIAL_MISMATCH","balanceAmount","0","Source balance -7909080 differs from ledger-derived total minus paid (0); the source value is retained only as audit input."
"orderSales","Sheet1","101","260100104","FINANCIAL_MISMATCH","paidAmount","8389080","Paid amount 8389080 exceeds order total 6889080 by 1500000; source figures were kept and the balance floored at zero."
"orderSales","Sheet1","101","260100104","FINANCIAL_MISMATCH","balanceAmount","0","Source balance -1500000 differs from ledger-derived total minus paid (0); the source value is retained only as audit input."
"orderSales","Sheet1","587","260100607","FINANCIAL_MISMATCH","payments.3.amountReceived","0","Installment 3 amount is not greater than zero; the installment was skipped."
"orderSales","Sheet1","624","260100645","FINANCIAL_MISMATCH","paidAmount","7909081","Paid amount 7909081 exceeds order total 7909080 by 1; source figures were kept and the balance floored at zero."
"orderSales","Sheet1","624","260100645","FINANCIAL_MISMATCH","balanceAmount","0","Source balance -1 differs from ledger-derived total minus paid (0); the source value is retained only as audit input."
"orderSales","Sheet1","673","260100695","FINANCIAL_MISMATCH","paidAmount","7964080","Paid amount 7964080 exceeds order total 7909080 by 55000; source figures were kept and the balance floored at zero."
"orderSales","Sheet1","673","260100695","FINANCIAL_MISMATCH","balanceAmount","0","Source balance -55000 differs from ledger-derived total minus paid (0); the source value is retained only as audit input."
"orderSales","Sheet1","951","260200135","FINANCIAL_MISMATCH","paidAmount","7909080","Paid amount 7909080 exceeds order total 6889080 by 1020000; source figures were kept and the balance floored at zero."
"orderSales","Sheet1","951","260200135","FINANCIAL_MISMATCH","balanceAmount","0","Source balance -1020000 differs from ledger-derived total minus paid (0); the source value is retained only as audit input."
"orderSales","Sheet1","1019","260200204","FINANCIAL_MISMATCH","paidAmount","11192780","Paid amount 11192780 exceeds order total 10765080 by 427700; source figures were kept and the balance floored at zero."
"orderSales","Sheet1","1019","260200204","FINANCIAL_MISMATCH","balanceAmount","0","Source balance -427700 differs from ledger-derived total minus paid (0); the source value is retained only as audit input."
"orderSales","Sheet1","1154","260300127","FINANCIAL_MISMATCH","paidAmount","7955080","Paid amount 7955080 exceeds order total 7909080 by 46000; source figures were kept and the balance floored at zero."
"orderSales","Sheet1","1154","260300127","FINANCIAL_MISMATCH","balanceAmount","0","Source balance -46000 differs from ledger-derived total minus paid (0); the source value is retained only as audit input."
"orderSales","Sheet1","","","UNMAPPED_COLUMN","FPM","1 Year","Source column ""FPM"" has data but no safe target mapping. (10 rows; sample row 1157: ""1 Year"")"
"orderSales","Sheet1","1239","260500011","FINANCIAL_MISMATCH","paidAmount","10765160","Paid amount 10765160 exceeds order total 10765080 by 80; source figures were kept and the balance floored at zero."
"orderSales","Sheet1","1239","260500011","FINANCIAL_MISMATCH","balanceAmount","0","Source balance -80 differs from ledger-derived total minus paid (0); the source value is retained only as audit input."
"orderSales","Sheet1","","","FINANCIAL_MISMATCH","payments.2.amountReceived","0","Installment 2 amount is not greater than zero; the installment was skipped. (5 rows; sample row 1295: ""0"")"
"orderSales","Sheet1","","","WARNING","sellerName","MIRAJ","Seller ""MIRAJ"" could not be resolved to an active User or Employee; original sale person was preserved. (2 rows; sample row 1344: ""MIRAJ"")"
"orderSales","Sheet1","1347","260700033","WARNING","sellerName","YASIR","Seller ""YASIR"" could not be resolved to an active User or Employee; original sale person was preserved."
"orderSales","Sheet1","1348","260700034","WARNING","sellerName","HASEEB","Seller ""HASEEB"" could not be resolved to an active User or Employee; original sale person was preserved."
"orderSales","Sheet1","1349","260700035","WARNING","sellerName","PALVISHA","Seller ""PALVISHA"" could not be resolved to an active User or Employee; original sale person was preserved."
"dispatch","Sheet1","","","UNMAPPED_COLUMN","S #","1","Source column ""S #"" has data but no safe target mapping. (1245 rows; sample row 3: ""1"")"
"dispatch","Sheet1","","","UNMAPPED_COLUMN","Batch No.","J7000110","Source column ""Batch No."" has data but no safe target mapping. (1244 rows; sample row 3: ""J7000110"")"
"dispatch","Sheet1","3","260100002","DISPATCH_WITHOUT_SALES_ORDER","pboNo","NCLH30000610","Dispatch 260100002 has no matching Sales Order (searched by PBO NCLH30000610, order 251100280, invoice 900000160, chassis MCCJY7PRMSN100010, engine SQRH4J15AGSH60194); it will be imported as a stock dispatch against the physical vehicle only — no Customer, Booking, Sales Order or Seller will be created."
"dispatch","Sheet1","4","260100004","DISPATCH_WITHOUT_SALES_ORDER","pboNo","NCLH30000080","Dispatch 260100004 has no matching Sales Order (searched by PBO NCLH30000080, order 251000009, invoice 900000142, chassis MCCJY7PRMSN100031, engine SQRH4J15AGSH60182); it will be imported as a stock dispatch against the physical vehicle only — no Customer, Booking, Sales Order or Seller will be created."
"dispatch","Sheet1","5","260100005","DISPATCH_WITHOUT_SALES_ORDER","pboNo","NCLH30000279","Dispatch 260100005 has no matching Sales Order (searched by PBO NCLH30000279, order 251000148, invoice 900000156, chassis MCCJY7PRMSN100038, engine SQRH4J15AGSJ60053); it will be imported as a stock dispatch against the physical vehicle only — no Customer, Booking, Sales Order or Seller will be created."
"dispatch","Sheet1","6","260100009","DISPATCH_WITHOUT_SALES_ORDER","pboNo","NCLH30000147","Dispatch 260100009 has no matching Sales Order (searched by PBO NCLH30000147, order 251000051, invoice 900000154, chassis MCCJY7PRMSN100060, engine SQRH4J15AGSH60214); it will be imported as a stock dispatch against the physical vehicle only — no Customer, Booking, Sales Order or Seller will be created."
"dispatch","Sheet1","7","260100013","DISPATCH_WITHOUT_SALES_ORDER","pboNo","NCLH30000578","Dispatch 260100013 has no matching Sales Order (searched by PBO NCLH30000578, order 251100249, invoice 900000126, chassis MCCJY7PRMSN100131, engine SQRH4J15AGSJ60144); it will be imported as a stock dispatch against the physical vehicle only — no Customer, Booking, Sales Order or Seller will be created."
"dispatch","Sheet1","8","260100014","DISPATCH_WITHOUT_SALES_ORDER","pboNo","NCLH30000143","Dispatch 260100014 has no matching Sales Order (searched by PBO NCLH30000143, order 251000047, invoice 900000153, chassis MCCJY7PRMSN100137, engine SQRH4J15AGSJ60150); it will be imported as a stock dispatch against the physical vehicle only — no Customer, Booking, Sales Order or Seller will be created."
"dispatch","Sheet1","9","260100028","DISPATCH_WITHOUT_SALES_ORDER","pboNo","NCLH30000144","Dispatch 260100028 has no matching Sales Order (searched by PBO NCLH30000144, order 251000048, invoice 900000173, chassis MCCJY7PRMSN100290, engine SQRH4J15AGSJ60279); it will be imported as a stock dispatch against the physical vehicle only — no Customer, Booking, Sales Order or Seller will be created."
"dispatch","Sheet1","10","260100029","DISPATCH_WITHOUT_SALES_ORDER","pboNo","NCLH30000145","Dispatch 260100029 has no matching Sales Order (searched by PBO NCLH30000145, order 251000049, invoice 900000166, chassis MCCJY7PRMSN100293, engine SQRH4J15AGSJ60357); it will be imported as a stock dispatch against the physical vehicle only — no Customer, Booking, Sales Order or Seller will be created."
"dispatch","Sheet1","11","260100031","DISPATCH_WITHOUT_SALES_ORDER","pboNo","NCLH30000138","Dispatch 260100031 has no matching Sales Order (searched by PBO NCLH30000138, order 251000042, invoice 900000164, chassis MCCJY7PRMSN100310, engine SQRH4J15AGSJ60201); it will be imported as a stock dispatch against the physical vehicle only — no Customer, Booking, Sales Order or Seller will be created."
"dispatch","Sheet1","12","260100032","DISPATCH_WITHOUT_SALES_ORDER","pboNo","NCLH30000141","Dispatch 260100032 has no matching Sales Order (searched by PBO NCLH30000141, order 251000045, invoice 900000165, chassis MCCJY7PRMSN100313, engine SQRH4J15AGSJ60330); it will be imported as a stock dispatch against the physical vehicle only — no Customer, Booking, Sales Order or Seller will be created."
"dispatch","Sheet1","13","260100033","DISPATCH_WITHOUT_SALES_ORDER","pboNo","NCLH30000146","Dispatch 260100033 has no matching Sales Order (searched by PBO NCLH30000146, order 251000050, invoice 900000188, chassis MCCJY7PRMSN100314, engine SQRH4J15AGSJ60331); it will be imported as a stock dispatch against the physical vehicle only — no Customer, Booking, Sales Order or Seller will be created."
"dispatch","Sheet1","14","260100035","DISPATCH_WITHOUT_SALES_ORDER","pboNo","NCLH30000140","Dispatch 260100035 has no matching Sales Order (searched by PBO NCLH30000140, order 251000044, invoice 900000187, chassis MCCJY7PRMSN100351, engine SQRH4J15AGSJ60344); it will be imported as a stock dispatch against the physical vehicle only — no Customer, Booking, Sales Order or Seller will be created."
"dispatch","Sheet1","15","260100036","DISPATCH_WITHOUT_SALES_ORDER","pboNo","NCLH30000392","Dispatch 260100036 has no matching Sales Order (searched by PBO NCLH30000392, order 251100066, invoice 900000177, chassis MCCJY7PRMSN100368, engine SQRH4J15AGSF61235); it will be imported as a stock dispatch against the physical vehicle only — no Customer, Booking, Sales Order or Seller will be created."
"dispatch","Sheet1","16","260100037","DISPATCH_WITHOUT_SALES_ORDER","pboNo","NCLH30000157","Dispatch 260100037 has no matching Sales Order (searched by PBO NCLH30000157, order 251000059, invoice 900000163, chassis MCCJY7PRMSN100375, engine SQRH4J15AGSJ60181); it will be imported as a stock dispatch against the physical vehicle only — no Customer, Booking, Sales Order or Seller will be created."
"dispatch","Sheet1","17","260100039","DISPATCH_WITHOUT_SALES_ORDER","pboNo","NCLH30000153","Dispatch 260100039 has no matching Sales Order (searched by PBO NCLH30000153, order 251000057, invoice 900000167, chassis MCCJY7PRMSN100382, engine SQRH4J15AGSJ60301); it will be imported as a stock dispatch against the physical vehicle only — no Customer, Booking, Sales Order or Seller will be created."
"dispatch","Sheet1","18","260100040","DISPATCH_WITHOUT_SALES_ORDER","pboNo","NCLH30000149","Dispatch 260100040 has no matching Sales Order (searched by PBO NCLH30000149, order 251000053, invoice 900000189, chassis MCCJY7PRMSN100385, engine SQRH4J15AGSJ60210); it will be imported as a stock dispatch against the physical vehicle only — no Customer, Booking, Sales Order or Seller will be created."
"dispatch","Sheet1","19","260100042","DISPATCH_WITHOUT_SALES_ORDER","pboNo","NCLH30000160","Dispatch 260100042 has no matching Sales Order (searched by PBO NCLH30000160, order 251000061, invoice 900000213, chassis MCCJY7PRMSN100391, engine SQRH4J15AGSJ60223); it will be imported as a stock dispatch against the physical vehicle only — no Customer, Booking, Sales Order or Seller will be created."
"dispatch","Sheet1","20","260100043","DISPATCH_WITHOUT_SALES_ORDER","pboNo","NCLH30000150","Dispatch 260100043 has no matching Sales Order (searched by PBO NCLH30000150, order 251000054, invoice 900000190, chassis MCCJY7PRMSN100394, engine SQRH4J15AGSJ60208); it will be imported as a stock dispatch against the physical vehicle only — no Customer, Booking, Sales Order or Seller will be created."
"dispatch","Sheet1","21","260100045","DISPATCH_WITHOUT_SALES_ORDER","pboNo","NCLH30000155","Dispatch 260100045 has no matching Sales Order (searched by PBO NCLH30000155, order 251000058, invoice 900000162, chassis MCCJY7PRMSN100400, engine SQRH4J15AGSJ60227); it will be imported as a stock dispatch against the physical vehicle only — no Customer, Booking, Sales Order or Seller will be created."
"dispatch","Sheet1","22","260100051","DISPATCH_WITHOUT_SALES_ORDER","pboNo","NCLH30000412","Dispatch 260100051 has no matching Sales Order (searched by PBO NCLH30000412, order 251100085, invoice 900000197, chassis MCCJY7PRMSN100441, engine SQRH4J15AGSF61201); it will be imported as a stock dispatch against the physical vehicle only — no Customer, Booking, Sales Order or Seller will be created."
"dispatch","Sheet1","23","260100053","DISPATCH_WITHOUT_SALES_ORDER","pboNo","NCLH30000449","Dispatch 260100053 has no matching Sales Order (searched by PBO NCLH30000449, order 251100122, invoice 900000200, chassis MCCJY7PRMSN100446, engine SQRH4J15AGSJ60219); it will be imported as a stock dispatch against the physical vehicle only — no Customer, Booking, Sales Order or Seller will be created."
"dispatch","Sheet1","24","260100135","DISPATCH_WITHOUT_SALES_ORDER","pboNo","NCLH30000400","Dispatch 260100135 has no matching Sales Order (searched by PBO NCLH30000400, order 251100073, invoice 900000176, chassis MCCJY7PRMSN100392, engine SQRH4J15AGSG60592); it will be imported as a stock dispatch against the physical vehicle only — no Customer, Booking, Sales Order or Seller will be created."
"dispatch","Sheet1","25","260100016","DISPATCH_WITHOUT_SALES_ORDER","pboNo","NCLH30000236","Dispatch 260100016 has no matching Sales Order (searched by PBO NCLH30000236, order 251000111, invoice 900000215, chassis MCCJY7PRMSN100144, engine SQRH4J15AGSJ60172); it will be imported as a stock dispatch against the physical vehicle only — no Customer, Booking, Sales Order or Seller will be created."
"dispatch","Sheet1","26","260100057","DISPATCH_WITHOUT_SALES_ORDER","pboNo","NCLH30000259","Dispatch 260100057 has no matching Sales Order (searched by PBO NCLH30000259, order 251000132, invoice 900000214, chassis MCCJY7PRMSN100484, engine SQRH4J15AGSF61250); it will be imported as a stock dispatch against the physical vehicle only — no Customer, Booking, Sales Order or Seller will be created."
"dispatch","Sheet1","27","260100008","DISPATCH_WITHOUT_SALES_ORDER","pboNo","NCLH30000130","Dispatch 260100008 has no matching Sales Order (searched by PBO NCLH30000130, order 251000036, invoice 900000228, chassis MCCJY7PRMSN100055, engine SQRH4J15AGSH60174); it will be imported as a stock dispatch against the physical vehicle only — no Customer, Booking, Sales Order or Seller will be created."
"dispatch","Sheet1","28","260100015","DISPATCH_WITHOUT_SALES_ORDER","pboNo","NCLH30000092","Dispatch 260100015 has no matching Sales Order (searched by PBO NCLH30000092, order 251000015, invoice 900000225, chassis MCCJY7PRMSN100143, engine SQRH4J15AGSJ60141); it will be imported as a stock dispatch against the physical vehicle only — no Customer, Booking, Sales Order or Seller will be created."
"dispatch","Sheet1","29","260100023","DISPATCH_WITHOUT_SALES_ORDER","pboNo","NCLH30000109","Dispatch 260100023 has no matching Sales Order (searched by PBO NCLH30000109, order 251000024, invoice 900000229, chassis MCCJY7PRMSN100242, engine SQRH4J15AGSJ60157); it will be imported as a stock dispatch against the physical vehicle only — no Customer, Booking, Sales Order or Seller will be created."
"dispatch","Sheet1","30","260100025","DISPATCH_WITHOUT_SALES_ORDER","pboNo","NCLH30000121","Dispatch 260100025 has no matching Sales Order (searched by PBO NCLH30000121, order 251000030, invoice 900000244, chassis MCCJY7PRMSN100249, engine SQRH4J15AGSJ60281); it will be imported as a stock dispatch against the physical vehicle only — no Customer, Booking, Sales Order or Seller will be created."
"dispatch","Sheet1","31","260100018","DISPATCH_WITHOUT_SALES_ORDER","pboNo","NCLH30000111","Dispatch 260100018 has no matching Sales Order (searched by PBO NCLH30000111, order 251000025, invoice 900000269, chassis MCCJY7PRMSN100159, engine SQRH4J15AGSJ60052); it will be imported as a stock dispatch against the physical vehicle only — no Customer, Booking, Sales Order or Seller will be created."
"dispatch","Sheet1","32","260100022","DISPATCH_WITHOUT_SALES_ORDER","pboNo","NCLH30000118","Dispatch 260100022 has no matching Sales Order (searched by PBO NCLH30000118, order 251000028, invoice 900000270, chassis MCCJY7PRMSN100218, engine SQRH4J15AGSJ60161); it will be imported as a stock dispatch against the physical vehicle only — no Customer, Booking, Sales Order or Seller will be created."
"dispatch","Sheet1","33","260100047","DISPATCH_WITHOUT_SALES_ORDER","pboNo","NCLH30000182","Dispatch 260100047 has no matching Sales Order (searched by PBO NCLH30000182, order 251000077, invoice 900000388, chassis MCCJY7PRMSN100415, engine SQRH4J15AGSJ60274); it will be imported as a stock dispatch against the physical vehicle only — no Customer, Booking, Sales Order or Seller will be created."
"dispatch","Sheet1","34","260100048","DISPATCH_WITHOUT_SALES_ORDER","pboNo","NCLH30000467","Dispatch 260100048 has no matching Sales Order (searched by PBO NCLH30000467, order 251100140, invoice 900000252, chassis MCCJY7PRMSN100418, engine SQRH4J15AGSG60572); it will be imported as a stock dispatch against the physical vehicle only — no Customer, Booking, Sales Order or Seller will be created."
"dispatch","Sheet1","35","260100049","DISPATCH_WITHOUT_SALES_ORDER","pboNo","NCLH30000186","Dispatch 260100049 has no matching Sales Order (searched by PBO NCLH30000186, order 251000080, invoice 900000387, chassis MCCJY7PRMSN100428, engine SQRH4J15AGSJ60271); it will be imported as a stock dispatch against the physical vehicle only — no Customer, Booking, Sales Order or Seller will be created."
"dispatch","Sheet1","36","260100050","DISPATCH_WITHOUT_SALES_ORDER","pboNo","NCLH30000188","Dispatch 260100050 has no matching Sales Order (searched by PBO NCLH30000188, order 251000081, invoice 900000381, chassis MCCJY7PRMSN100435, engine SQRH4J15AGSJ60267); it will be imported as a stock dispatch against the physical vehicle only — no Customer, Booking, Sales Order or Seller will be created."
"dispatch","Sheet1","37","260100055","DISPATCH_WITHOUT_SALES_ORDER","pboNo","NCLH30000401","Dispatch 260100055 has no matching Sales Order (searched by PBO NCLH30000401, order 251100074, invoice 900000365, chassis MCCJY7PRMSN100459, engine SQRH4J15AGSF61200); it will be imported as a stock dispatch against the physical vehicle only — no Customer, Booking, Sales Order or Seller will be created."
"dispatch","Sheet1","38","260100056","DISPATCH_WITHOUT_SALES_ORDER","pboNo","NCLH30000342","Dispatch 260100056 has no matching Sales Order (searched by PBO NCLH30000342, order 251100030, invoice 900000282, chassis MCCJY7PRMSN100476, engine SQRH4J15AGSF61126); it will be imported as a stock dispatch against the physical vehicle only — no Customer, Booking, Sales Order or Seller will be created."
"dispatch","Sheet1","39","260100060","DISPATCH_WITHOUT_SALES_ORDER","pboNo","NCLH30000167","Dispatch 260100060 has no matching Sales Order (searched by PBO NCLH30000167, order 251000066, invoice 900000416, chassis MCCJY7PRMSN100496, engine SQRH4J15AGSF61218); it will be imported as a stock dispatch against the physical vehicle only — no Customer, Booking, Sales Order or Seller will be created."
"dispatch","Sheet1","40","260100118","DISPATCH_WITHOUT_SALES_ORDER","pboNo","NCLH30000480","Dispatch 260100118 has no matching Sales Order (searched by PBO NCLH30000480, order 251100153, invoice 900000289, chassis MCCJY7PRMSN100049, engine SQRH4J15AGSH60195); it will be imported as a stock dispatch against the physical vehicle only — no Customer, Booking, Sales Order or Seller will be created."
"dispatch","Sheet1","41","260100119","DISPATCH_WITHOUT_SALES_ORDER","pboNo","NCLH30000335","Dispatch 260100119 has no matching Sales Order (searched by PBO NCLH30000335, order 251100026, invoice 900000354, chassis MCCJY7PRMSN100059, engine SQRH4J15AGSH60200); it will be imported as a stock dispatch against the physical vehicle only — no Customer, Booking, Sales Order or Seller will be created."
"dispatch","Sheet1","42","260100120","DISPATCH_WITHOUT_SALES_ORDER","pboNo","NCLH30000351","Dispatch 260100120 has no matching Sales Order (searched by PBO NCLH30000351, order 251100036, invoice 900000355, chassis MCCJY7PRMSN100074, engine SQRH4J15AGSJ60069); it will be imported as a stock dispatch against the physical vehicle only — no Customer, Booking, Sales Order or Seller will be created."
"dispatch","Sheet1","43","260100122","DISPATCH_WITHOUT_SALES_ORDER","pboNo","NCLH30000090","Dispatch 260100122 has no matching Sales Order (searched by PBO NCLH30000090, order 251000014, invoice 900000329, chassis MCCJY7PRMSN100102, engine SQRH4J15AGSJ60134); it will be imported as a stock dispatch against the physical vehicle only — no Customer, Booking, Sales Order or Seller will be created."
"dispatch","Sheet1","44","260100125","DISPATCH_WITHOUT_SALES_ORDER","pboNo","NCLH30000096","Dispatch 260100125 has no matching Sales Order (searched by PBO NCLH30000096, order 251000017, invoice 900000316, chassis MCCJY7PRMSN100155, engine SQRH4J15AGSJ60046); it will be imported as a stock dispatch against the physical vehicle only — no Customer, Booking, Sales Order or Seller will be created."
"dispatch","Sheet1","45","260100127","DISPATCH_WITHOUT_SALES_ORDER","pboNo","NCLH30000159","Dispatch 260100127 has no matching Sales Order (searched by PBO NCLH30000159, order 251000060, invoice 900000334, chassis MCCJY7PRMSN100185, engine SQRH4J15AGSJ60016); it will be imported as a stock dispatch against the physical vehicle only — no Customer, Booking, Sales Order or Seller will be created."
"dispatch","Sheet1","46","260100128","DISPATCH_WITHOUT_SALES_ORDER","pboNo","NCLH30000124","Dispatch 260100128 has no matching Sales Order (searched by PBO NCLH30000124, order 251000032, invoice 900000312, chassis MCCJY7PRMSN100207, engine SQRH4J15AGSJ60001); it will be imported as a stock dispatch against the physical vehicle only — no Customer, Booking, Sales Order or Seller will be created."
"dispatch","Sheet1","47","260100129","DISPATCH_WITHOUT_SALES_ORDER","pboNo","NCLH30000088","Dispatch 260100129 has no matching Sales Order (searched by PBO NCLH30000088, order 251000013, invoice 900000332, chassis MCCJY7PRMSN100209, engine SQRH4J15AGSJ60010); it will be imported as a stock dispatch against the physical vehicle only — no Customer, Booking, Sales Order or Seller will be created."
"dispatch","Sheet1","48","260100130","DISPATCH_WITHOUT_SALES_ORDER","pboNo","NCLH30000126","Dispatch 260100130 has no matching Sales Order (searched by PBO NCLH30000126, order 251000033, invoice 900000317, chassis MCCJY7PRMSN100219, engine SQRH4J15AGSJ60003); it will be imported as a stock dispatch against the physical vehicle only — no Customer, Booking, Sales Order or Seller will be created."
"dispatch","Sheet1","49","260100131","DISPATCH_WITHOUT_SALES_ORDER","pboNo","NCLH30000103","Dispatch 260100131 has no matching Sales Order (searched by PBO NCLH30000103, order 251000021, invoice 900000311, chassis MCCJY7PRMSN100231, engine SQRH4J15AGSJ60162); it will be imported as a stock dispatch against the physical vehicle only — no Customer, Booking, Sales Order or Seller will be created."
"dispatch","Sheet1","50","260100133","DISPATCH_WITHOUT_SALES_ORDER","pboNo","NCLH30000129","Dispatch 260100133 has no matching Sales Order (searched by PBO NCLH30000129, order 251000035, invoice 900000323, chassis MCCJY7PRMSN100258, engine SQRH4J15AGSJ60234); it will be imported as a stock dispatch against the physical vehicle only — no Customer, Booking, Sales Order or Seller will be created."
"dispatch","Sheet1","51","260100136","DISPATCH_WITHOUT_SALES_ORDER","pboNo","NCLH30000285","Dispatch 260100136 has no matching Sales Order (searched by PBO NCLH30000285, order 251000154, invoice 900000361, chassis MCCJY7PRMSN100465, engine SQRH4J15AGSF61338); it will be imported as a stock dispatch against the physical vehicle only — no Customer, Booking, Sales Order or Seller will be created."
"dispatch","Sheet1","52","260100137","DISPATCH_WITHOUT_SALES_ORDER","pboNo","NCLH30000166","Dispatch 260100137 has no matching Sales Order (searched by PBO NCLH30000166, order 251000065, invoice 900000333, chassis MCCJY7PRMSN100493, engine SQRH4J15AGSF61279); it will be imported as a stock dispatch against the physical vehicle only — no Customer, Booking, Sales Order or Seller will be created."
"dispatch","Sheet1","53","260100034","DISPATCH_WITHOUT_SALES_ORDER","pboNo","NCLH30000286","Dispatch 260100034 has no matching Sales Order (searched by PBO NCLH30000286, order 251000155, invoice 900000462, chassis MCCJY7PRMSN100331, engine SQRH4J15AGSJ60342); it will be imported as a stock dispatch against the physical vehicle only — no Customer, Booking, Sales Order or Seller will be created."
"dispatch","Sheet1","54","260100011","DISPATCH_WITHOUT_SALES_ORDER","pboNo","NCLH30000070","Dispatch 260100011 has no matching Sales Order (searched by PBO NCLH30000070, order 251000004, invoice 900000452, chassis MCCJY7PRMSN100092, engine SQRH4J15AGSJ60103); it will be imported as a stock dispatch against the physical vehicle only — no Customer, Booking, Sales Order or Seller will be created."
"dispatch","Sheet1","55","260100012","DISPATCH_WITHOUT_SALES_ORDER","pboNo","NCLH30000142","Dispatch 260100012 has no matching Sales Order (searched by PBO NCLH30000142, order 251000046, invoice 900000451, chassis MCCJY7PRMSN100100, engine SQRH4J15AGSJ60096); it will be imported as a stock dispatch against the physical vehicle only — no Customer, Booking, Sales Order or Seller will be created."
"dispatch","Sheet1","56","260100017","DISPATCH_WITHOUT_SALES_ORDER","pboNo","NCLH30000190","Dispatch 260100017 has no matching Sales Order (searched by PBO NCLH30000190, order 251000082, invoice 900000453, chassis MCCJY7PRMSN100150, engine SQRH4J15AGSJ60043); it will be imported as a stock dispatch against the physical vehicle only — no Customer, Booking, Sales Order or Seller will be created."
"dispatch","Sheet1","57","260100038","DISPATCH_WITHOUT_SALES_ORDER","pboNo","NCLH30000068","Dispatch 260100038 has no matching Sales Order (searched by PBO NCLH30000068, order 251000003, invoice 900000455, chassis MCCJY7PRMSN100377, engine SQRH4J15AGSJ60290); it will be imported as a stock dispatch against the physical vehicle only — no Customer, Booking, Sales Order or Seller will be created."
"dispatch","Sheet1","58","260100044","DISPATCH_WITHOUT_SALES_ORDER","pboNo","NCLH30000162","Dispatch 260100044 has no matching Sales Order (searched by PBO NCLH30000162, order 251000063, invoice 900000454, chassis MCCJY7PRMSN100396, engine SQRH4J15AGSJ60216); it will be imported as a stock dispatch against the physical vehicle only — no Customer, Booking, Sales Order or Seller will be created."
"dispatch","Sheet1","59","260100030","DISPATCH_WITHOUT_SALES_ORDER","pboNo","NCLH30000128","Dispatch 260100030 has no matching Sales Order (searched by PBO NCLH30000128, order 251000034, invoice 900000473, chassis MCCJY7PRMSN100299, engine SQRH4J15AGSJ60359); it will be imported as a stock dispatch against the physical vehicle only — no Customer, Booking, Sales Order or Seller will be created."
"dispatch","Sheet1","60","260100041","DISPATCH_WITHOUT_SALES_ORDER","pboNo","NCLH30000262","Dispatch 260100041 has no matching Sales Order (searched by PBO NCLH30000262, order 251000135, invoice 900000470, chassis MCCJY7PRMSN100388, engine SQRH4J15AGSJ60206); it will be imported as a stock dispatch against the physical vehicle only — no Customer, Booking, Sales Order or Seller will be created."
"dispatch","Sheet1","61","260100020","DISPATCH_WITHOUT_SALES_ORDER","pboNo","NCLH30000554","Dispatch 260100020 has no matching Sales Order (searched by PBO NCLH30000554, order 251100225, invoice 900000565, chassis MCCJY7PRMSN100186, engine SQRH4J15AGSJ60117); it will be imported as a stock dispatch against the physical vehicle only — no Customer, Booking, Sales Order or Seller will be created."
"dispatch","Sheet1","62","260100027","DISPATCH_WITHOUT_SALES_ORDER","pboNo","NCLH30000136","Dispatch 260100027 has no matching Sales Order (searched by PBO NCLH30000136, order 251000041, invoice 900000531, chassis MCCJY7PRMSN100283, engine SQRH4J15AGSJ60324); it will be imported as a stock dispatch against the physical vehicle only — no Customer, Booking, Sales Order or Seller will be created."
"dispatch","Sheet1","63","260100046","DISPATCH_WITHOUT_SALES_ORDER","pboNo","NCLH30000241","Dispatch 260100046 has no matching Sales Order (searched by PBO NCLH30000241, order 251000116, invoice 900000525, chassis MCCJY7PRMSN100414, engine SQRH4J15AGSF61180); it will be imported as a stock dispatch against the physical vehicle only — no Customer, Booking, Sales Order or Seller will be created."
"dispatch","Sheet1","64","260100052","DISPATCH_WITHOUT_SALES_ORDER","pboNo","NCLH30000519","Dispatch 260100052 has no matching Sales Order (searched by PBO NCLH30000519, order 251100191, invoice 900000521, chassis MCCJY7PRMSN100445, engine SQRH4J15AGSF61220); it will be imported as a stock dispatch against the physical vehicle only — no Customer, Booking, Sales Order or Seller will be created."
"dispatch","Sheet1","65","260100054","DISPATCH_WITHOUT_SALES_ORDER","pboNo","NCLH30000315","Dispatch 260100054 has no matching Sales Order (searched by PBO NCLH30000315, order 251100015, invoice 900000563, chassis MCCJY7PRMSN100450, engine SQRH4J15AGSF61252); it will be imported as a stock dispatch against the physical vehicle only — no Customer, Booking, Sales Order or Seller will be created."
"dispatch","Sheet1","66","260100058","DISPATCH_WITHOUT_SALES_ORDER","pboNo","NCLH30000393","Dispatch 260100058 has no matching Sales Order (searched by PBO NCLH30000393, order 251100067, invoice 900000524, chassis MCCJY7PRMSN100489, engine SQRH4J15AGSF61280); it will be imported as a stock dispatch against the physical vehicle only — no Customer, Booking, Sales Order or Seller will be created."
"dispatch","Sheet1","67","260100062","DISPATCH_WITHOUT_SALES_ORDER","pboNo","NCLH30000168","Dispatch 260100062 has no matching Sales Order (searched by PBO NCLH30000168, order 251000067, invoice 900000544, chassis MCCJY7PRMSN100521, engine SQRH4J15AGSF60830); it will be imported as a stock dispatch against the physical vehicle only — no Customer, Booking, Sales Order or Seller will be created."
"dispatch","Sheet1","68","260100063","DISPATCH_WITHOUT_SALES_ORDER","pboNo","NCLH30000169","Dispatch 260100063 has no matching Sales Order (searched by PBO NCLH30000169, order 251000068, invoice 900000543, chassis MCCJY7PRMSN100523, engine SQRH4J15AGSF61138); it will be imported as a stock dispatch against the physical vehicle only — no Customer, Booking, Sales Order or Seller will be created."
"dispatch","Sheet1","69","260100065","DISPATCH_WITHOUT_SALES_ORDER","pboNo","NCLH30000302","Dispatch 260100065 has no matching Sales Order (searched by PBO NCLH30000302, order 251100005, invoice 900000564, chassis MCCJY7PRMSN100538, engine SQRH4J15AGSF61272); it will be imported as a stock dispatch against the physical vehicle only — no Customer, Booking, Sales Order or Seller will be created."
"dispatch","Sheet1","70","260100066","DISPATCH_WITHOUT_SALES_ORDER","pboNo","NCLH30000493","Dispatch 260100066 has no matching Sales Order (searched by PBO NCLH30000493, order 251100166, invoice 900000522, chassis MCCJY7PRMSN100541, engine SQRH4J15AGSF61365); it will be imported as a stock dispatch against the physical vehicle only — no Customer, Booking, Sales Order or Seller will be created."
"dispatch","Sheet1","71","260100069","DISPATCH_WITHOUT_SALES_ORDER","pboNo","NCLH30000177","Dispatch 260100069 has no matching Sales Order (searched by PBO NCLH30000177, order 251000073, invoice 900000539, chassis MCCJY7PRMSN100549, engine SQRH4J15AGSF61348); it will be imported as a stock dispatch against the physical vehicle only — no Customer, Booking, Sales Order or Seller will be created."
"dispatch","Sheet1","72","260100071","DISPATCH_WITHOUT_SALES_ORDER","pboNo","NCLH30000270","Dispatch 260100071 has no matching Sales Order (searched by PBO NCLH30000270, order 251000140, invoice 900000562, chassis MCCJY7PRMSN100584, engine SQRH4J15AGSF61197); it will be imported as a stock dispatch against the physical vehicle only — no Customer, Booking, Sales Order or Seller will be created."
"dispatch","Sheet1","73","260100072","DISPATCH_WITHOUT_SALES_ORDER","pboNo","NCLH30000074","Dispatch 260100072 has no matching Sales Order (searched by PBO NCLH30000074, order 251000006, invoice 900000538, chassis MCCJY7PRMSN100589, engine SQRH4J15AGSF61212); it will be imported as a stock dispatch against the physical vehicle only — no Customer, Booking, Sales Order or Seller will be created."
"dispatch","Sheet1","74","260100073","DISPATCH_WITHOUT_SALES_ORDER","pboNo","NCLH30000098","Dispatch 260100073 has no matching Sales Order (searched by PBO NCLH30000098, order 251000018, invoice 900000537, chassis MCCJY7PRMSN100590, engine SQRH4J15AGSF61195); it will be imported as a stock dispatch against the physical vehicle only — no Customer, Booking, Sales Order or Seller will be created."
"dispatch","Sheet1","75","260100121","DISPATCH_WITHOUT_SALES_ORDER","pboNo","NCLH30000084","Dispatch 260100121 has no matching Sales Order (searched by PBO NCLH30000084, order 251000011, invoice 900000570, chassis MCCJY7PRMSN100078, engine SQRH4J15AGSJ60029); it will be imported as a stock dispatch against the physical vehicle only — no Customer, Booking, Sales Order or Seller will be created."
"dispatch","Sheet1","76","260100123","DISPATCH_WITHOUT_SALES_ORDER","pboNo","NCLH30000082","Dispatch 260100123 has no matching Sales Order (searched by PBO NCLH30000082, order 251000010, invoice 900000569, chassis MCCJY7PRMSN100115, engine SQRH4J15AGSJ60104); it will be imported as a stock dispatch against the physical vehicle only — no Customer, Booking, Sales Order or Seller will be created."
"dispatch","Sheet1","77","260100124","DISPATCH_WITHOUT_SALES_ORDER","pboNo","NCLH30000180","Dispatch 260100124 has no matching Sales Order (searched by PBO NCLH30000180, order 251000075, invoice 900000571, chassis MCCJY7PRMSN100124, engine SQRH4J15AGSJ60136); it will be imported as a stock dispatch against the physical vehicle only — no Customer, Booking, Sales Order or Seller will be created."
"dispatch","Sheet1","78","260100126","DISPATCH_WITHOUT_SALES_ORDER","pboNo","NCLH30000105","Dispatch 260100126 has no matching Sales Order (searched by PBO NCLH30000105, order 251000022, invoice 900000568, chassis MCCJY7PRMSN100173, engine SQRH4J15AGSJ60034); it will be imported as a stock dispatch against the physical vehicle only — no Customer, Booking, Sales Order or Seller will be created."
"dispatch","Sheet1","79","260100132","DISPATCH_WITHOUT_SALES_ORDER","pboNo","NCLH30000102","Dispatch 260100132 has no matching Sales Order (searched by PBO NCLH30000102, order 251000020, invoice 900000567, chassis MCCJY7PRMSN100243, engine SQRH4J15AGSJ60305); it will be imported as a stock dispatch against the physical vehicle only — no Customer, Booking, Sales Order or Seller will be created."
"dispatch","Sheet1","80","260100138","DISPATCH_WITHOUT_SALES_ORDER","pboNo","NCLH30000246","Dispatch 260100138 has no matching Sales Order (searched by PBO NCLH30000246, order 251000121, invoice 900000566, chassis MCCJY7PRMSN100494, engine SQRH4J15AGSF61175); it will be imported as a stock dispatch against the physical vehicle only — no Customer, Booking, Sales Order or Seller will be created."
"dispatch","Sheet1","81","260100061","DISPATCH_WITHOUT_SALES_ORDER","pboNo","NCLH30000268","Dispatch 260100061 has no matching Sales Order (searched by PBO NCLH30000268, order 251000139, invoice 900000572, chassis MCCJY7PRMSN100504, engine SQRH4J15AGSF61243); it will be imported as a stock dispatch against the physical vehicle only — no Customer, Booking, Sales Order or Seller will be created."
"dispatch","Sheet1","82","260100067","DISPATCH_WITHOUT_SALES_ORDER","pboNo","NCLH30000178","Dispatch 260100067 has no matching Sales Order (searched by PBO NCLH30000178, order 251000074, invoice 900000581, chassis MCCJY7PRMSN100547, engine SQRH4J15AGSG60584); it will be imported as a stock dispatch against the physical vehicle only — no Customer, Booking, Sales Order or Seller will be created."
"dispatch","Sheet1","83","260100074","DISPATCH_WITHOUT_SALES_ORDER","pboNo","NCLH30000659","Dispatch 260100074 has no matching Sales Order (searched by PBO NCLH30000659, order 251200031, invoice 900000625, chassis MCCJY7PRMSN100601, engine SQRH4J15AGSL60022); it will be imported as a stock dispatch against the physical vehicle only — no Customer, Booking, Sales Order or Seller will be created."
"dispatch","Sheet1","84","260100075","DISPATCH_WITHOUT_SALES_ORDER","pboNo","NCLH30000210","Dispatch 260100075 has no matching Sales Order (searched by PBO NCLH30000210, order 251000093, invoice 900000624, chassis MCCJY7PRMSN100606, engine SQRH4J15AGSE60306); it will be imported as a stock dispatch against the physical vehicle only — no Customer, Booking, Sales Order or Seller will be created."
"dispatch","Sheet1","85","260100076","DISPATCH_WITHOUT_SALES_ORDER","pboNo","NCLH30000206","Dispatch 260100076 has no matching Sales Order (searched by PBO NCLH30000206, order 251000090, invoice 900000622, chassis MCCJY7PRMSN100616, engine SQRH4J15AGSL60052); it will be imported as a stock dispatch against the physical vehicle only — no Customer, Booking, Sales Order or Seller will be created."
"dispatch","Sheet1","86","260100077","DISPATCH_WITHOUT_SALES_ORDER","pboNo","NCLH30000205","Dispatch 260100077 has no matching Sales Order (searched by PBO NCLH30000205, order 251000089, invoice 900000623, chassis MCCJY7PRMSN100617, engine SQRH4J15AGSL60087); it will be imported as a stock dispatch against the physical vehicle only — no Customer, Booking, Sales Order or Seller will be created."
"dispatch","Sheet1","87","260100078","DISPATCH_WITHOUT_SALES_ORDER","pboNo","NCLH30000194","Dispatch 260100078 has no matching Sales Order (searched by PBO NCLH30000194, order 251000084, invoice 900000638, chassis MCCJY7PRMSN100618, engine SQRH4J15AGSL60116); it will be imported as a stock dispatch against the physical vehicle only — no Customer, Booking, Sales Order or Seller will be created."
"dispatch","Sheet1","88","260100079","DISPATCH_WITHOUT_SALES_ORDER","pboNo","NCLH30000260","Dispatch 260100079 has no matching Sales Order (searched by PBO NCLH30000260, order 251000133, invoice 900000647, chassis MCCJY7PRMSN100620, engine SQRH4J15AGSL60018); it will be imported as a stock dispatch against the physical vehicle only — no Customer, Booking, Sales Order or Seller will be created."
"dispatch","Sheet1","89","260100080","DISPATCH_WITHOUT_SALES_ORDER","pboNo","NCLH30000256","Dispatch 260100080 has no matching Sales Order (searched by PBO NCLH30000256, order 251000129, invoice 900000654, chassis MCCJY7PRMSN100621, engine SQRH4J15AGSL60024); it will be imported as a stock dispatch against the physical vehicle only — no Customer, Booking, Sales Order or Seller will be created."
"dispatch","Sheet1","90","260100081","DISPATCH_WITHOUT_SALES_ORDER","pboNo","NCLH30000250","Dispatch 260100081 has no matching Sales Order (searched by PBO NCLH30000250, order 251000124, invoice 900000648, chassis MCCJY7PRMSN100624, engine SQRH4J15AGSL60120); it will be imported as a stock dispatch against the physical vehicle only — no Customer, Booking, Sales Order or Seller will be created."
"dispatch","Sheet1","91","260100082","DISPATCH_WITHOUT_SALES_ORDER","pboNo","NCLH30000243","Dispatch 260100082 has no matching Sales Order (searched by PBO NCLH30000243, order 251000118, invoice 900000620, chassis MCCJY7PRMSN100626, engine SQRH4J15AGSE60323); it will be imported as a stock dispatch against the physical vehicle only — no Customer, Booking, Sales Order or Seller will be created."
"dispatch","Sheet1","92","260100083","DISPATCH_WITHOUT_SALES_ORDER","pboNo","NCLH30000208","Dispatch 260100083 has no matching Sales Order (searched by PBO NCLH30000208, order 251000092, invoice 900000641, chassis MCCJY7PRMSN100628, engine SQRH4J15AGSL60076); it will be imported as a stock dispatch against the physical vehicle only — no Customer, Booking, Sales Order or Seller will be created."
"dispatch","Sheet1","93","260100084","DISPATCH_WITHOUT_SALES_ORDER","pboNo","NCLH30000234","Dispatch 260100084 has no matching Sales Order (searched by PBO NCLH30000234, order 251000109, invoice 900000619, chassis MCCJY7PRMSN100630, engine SQRH4J15AGSL60046); it will be imported as a stock dispatch against the physical vehicle only — no Customer, Booking, Sales Order or Seller will be created."
"dispatch","Sheet1","94","260100085","DISPATCH_WITHOUT_SALES_ORDER","pboNo","NCLH30000229","Dispatch 260100085 has no matching Sales Order (searched by PBO NCLH30000229, order 251000104, invoice 900000649, chassis MCCJY7PRMSN100642, engine SQRH4J15AGSL60005); it will be imported as a stock dispatch against the physical vehicle only — no Customer, Booking, Sales Order or Seller will be created."
"dispatch","Sheet1","95","260100086","DISPATCH_WITHOUT_SALES_ORDER","pboNo","NCLH30000204","Dispatch 260100086 has no matching Sales Order (searched by PBO NCLH30000204, order 251000088, invoice 900000621, chassis MCCJY7PRMSN100644, engine SQRH4J15AGSL60056); it will be imported as a stock dispatch against the physical vehicle only — no Customer, Booking, Sales Order or Seller will be created."
"dispatch","Sheet1","96","260100087","DISPATCH_WITHOUT_SALES_ORDER","pboNo","NCLH30000200","Dispatch 260100087 has no matching Sales Order (searched by PBO NCLH30000200, order 251000087, invoice 900000650, chassis MCCJY7PRMSN100646, engine SQRH4J15AGSL60060); it will be imported as a stock dispatch against the physical vehicle only — no Customer, Booking, Sales Order or Seller will be created."
"dispatch","Sheet1","97","260100088","DISPATCH_WITHOUT_SALES_ORDER","pboNo","NCLH30000221","Dispatch 260100088 has no matching Sales Order (searched by PBO NCLH30000221, order 251000098, invoice 900000640, chassis MCCJY7PRMSN100647, engine SQRH4J15AGSL60050); it will be imported as a stock dispatch against the physical vehicle only — no Customer, Booking, Sales Order or Seller will be created."
"dispatch","Sheet1","98","260100089","DISPATCH_WITHOUT_SALES_ORDER","pboNo","NCLH30000275","Dispatch 260100089 has no matching Sales Order (searched by PBO NCLH30000275, order 251000144, invoice 900000651, chassis MCCJY7PRMSN100650, engine SQRH4J15AGSL60092); it will be imported as a stock dispatch against the physical vehicle only — no Customer, Booking, Sales Order or Seller will be created."
"dispatch","Sheet1","99","260100090","DISPATCH_WITHOUT_SALES_ORDER","pboNo","NCLH30000192","Dispatch 260100090 has no matching Sales Order (searched by PBO NCLH30000192, order 251000083, invoice 900000645, chassis MCCJY7PRMSN100653, engine SQRH4J15AGSL60012); it will be imported as a stock dispatch against the physical vehicle only — no Customer, Booking, Sales Order or Seller will be created."
"dispatch","Sheet1","100","260100091","DISPATCH_WITHOUT_SALES_ORDER","pboNo","NCLH30000261","Dispatch 260100091 has no matching Sales Order (searched by PBO NCLH30000261, order 251000134, invoice 900000646, chassis MCCJY7PRMSN100654, engine SQRH4J15AGSL60023); it will be imported as a stock dispatch against the physical vehicle only — no Customer, Booking, Sales Order or Seller will be created."
"dispatch","Sheet1","101","260100092","DISPATCH_WITHOUT_SALES_ORDER","pboNo","NCLH30000254","Dispatch 260100092 has no matching Sales Order (searched by PBO NCLH30000254, order 251000127, invoice 900000639, chassis MCCJY7PRMSN100655, engine SQRH4J15AGSL60038); it will be imported as a stock dispatch against the physical vehicle only — no Customer, Booking, Sales Order or Seller will be created."
"dispatch","Sheet1","102","260100093","DISPATCH_WITHOUT_SALES_ORDER","pboNo","NCLH30000231","Dispatch 260100093 has no matching Sales Order (searched by PBO NCLH30000231, order 251000106, invoice 900000642, chassis MCCJY7PRMSN100656, engine SQRH4J15AGSE60325); it will be imported as a stock dispatch against the physical vehicle only — no Customer, Booking, Sales Order or Seller will be created."
"dispatch","Sheet1","103","260100094","DISPATCH_WITHOUT_SALES_ORDER","pboNo","NCLH30000284","Dispatch 260100094 has no matching Sales Order (searched by PBO NCLH30000284, order 251000153, invoice 900000643, chassis MCCJY7PRMSN100657, engine SQRH4J15AGSL60090); it will be imported as a stock dispatch against the physical vehicle only — no Customer, Booking, Sales Order or Seller will be created."
"dispatch","Sheet1","104","260100095","DISPATCH_WITHOUT_SALES_ORDER","pboNo","NCLH30000248","Dispatch 260100095 has no matching Sales Order (searched by PBO NCLH30000248, order 251000123, invoice 900000644, chassis MCCJY7PRMSN100658, engine SQRH4J15AGSL60019); it will be imported as a stock dispatch against the physical vehicle only — no Customer, Booking, Sales Order or Seller will be created."
"dispatch","Sheet1","105","260100096","DISPATCH_WITHOUT_SALES_ORDER","pboNo","NCLH30000223","Dispatch 260100096 has no matching Sales Order (searched by PBO NCLH30000223, order 251000099, invoice 900000655, chassis MCCJY7PRMTN100664, engine SQRH4J15AGSL60098); it will be imported as a stock dispatch against the physical vehicle only — no Customer, Booking, Sales Order or Seller will be created."
"dispatch","Sheet1","106","260100097","DISPATCH_WITHOUT_SALES_ORDER","pboNo","NCLH30000278","Dispatch 260100097 has no matching Sales Order (searched by PBO NCLH30000278, order 251000147, invoice 900000652, chassis MCCJY7PRMTN100666, engine SQRH4J15AGSL60034); it will be imported as a stock dispatch against the physical vehicle only — no Customer, Booking, Sales Order or Seller will be created."
"dispatch","Sheet1","107","260100098","DISPATCH_WITHOUT_SALES_ORDER","pboNo","NCLH30000274","Dispatch 260100098 has no matching Sales Order (searched by PBO NCLH30000274, order 251000143, invoice 900000631, chassis MCCJY7PRMTN100669, engine SQRH4J15AGSL60094); it will be imported as a stock dispatch against the physical vehicle only — no Customer, Booking, Sales Order or Seller will be created."
"dispatch","Sheet1","108","260100099","DISPATCH_WITHOUT_SALES_ORDER","pboNo","NCLH30000276","Dispatch 260100099 has no matching Sales Order (searched by PBO NCLH30000276, order 251000145, invoice 900000653, chassis MCCJY7PRMTN100697, engine SQRH4J15AGSL60040); it will be imported as a stock dispatch against the physical vehicle only — no Customer, Booking, Sales Order or Seller will be created."
"dispatch","Sheet1","109","260100139","DISPATCH_WITHOUT_SALES_ORDER","pboNo","NCLH30000281","Dispatch 260100139 has no matching Sales Order (searched by PBO NCLH30000281, order 251000150, invoice 900000722, chassis MCCJY7PRMTN100742, engine SQRH4J15AGSL60150); it will be imported as a stock dispatch against the physical vehicle only — no Customer, Booking, Sales Order or Seller will be created."
"dispatch","Sheet1","110","260100019","DISPATCH_WITHOUT_SALES_ORDER","pboNo","NCLH30000100","Dispatch 260100019 has no matching Sales Order (searched by PBO NCLH30000100, order 251000019, invoice 900000689, chassis MCCJY7PRMSN100168, engine SQRH4J15AGSJ60005); it will be imported as a stock dispatch against the physical vehicle only — no Customer, Booking, Sales Order or Seller will be created."
"dispatch","Sheet1","111","260100026","DISPATCH_WITHOUT_SALES_ORDER","pboNo","NCLH30000132","Dispatch 260100026 has no matching Sales Order (searched by PBO NCLH30000132, order 251000038, invoice 900000680, chassis MCCJY7PRMSN100271, engine SQRH4J15AGSJ60280); it will be imported as a stock dispatch against the physical vehicle only — no Customer, Booking, Sales Order or Seller will be created."
"dispatch","Sheet1","112","260100059","DISPATCH_WITHOUT_SALES_ORDER","pboNo","NCLH30000171","Dispatch 260100059 has no matching Sales Order (searched by PBO NCLH30000171, order 251000070, invoice 900000688, chassis MCCJY7PRMSN100491, engine SQRH4J15AGSF61231); it will be imported as a stock dispatch against the physical vehicle only — no Customer, Booking, Sales Order or Seller will be created."
"dispatch","Sheet1","113","260100064","DISPATCH_WITHOUT_SALES_ORDER","pboNo","NCLH30000175","Dispatch 260100064 has no matching Sales Order (searched by PBO NCLH30000175, order 251000072, invoice 900000681, chassis MCCJY7PRMSN100524, engine SQRH4J15AGSE00595); it will be imported as a stock dispatch against the physical vehicle only — no Customer, Booking, Sales Order or Seller will be created."
"dispatch","Sheet1","114","260100100","DISPATCH_WITHOUT_SALES_ORDER","pboNo","NCLH30000573","Dispatch 260100100 has no matching Sales Order (searched by PBO NCLH30000573, order 251100244, invoice 900000740, chassis MCCJY7PRMTN100734, engine SQRH4J15AGSL60136); it will be imported as a stock dispatch against the physical vehicle only — no Customer, Booking, Sales Order or Seller will be created."
"dispatch","Sheet1","115","260100117","DISPATCH_WITHOUT_SALES_ORDER","pboNo","NCLH30000148","Dispatch 260100117 has no matching Sales Order (searched by PBO NCLH30000148, order 251000052, invoice 900000676, chassis MCCJY7PRMSN100018, engine SQRH4J15AGSH60192); it will be imported as a stock dispatch against the physical vehicle only — no Customer, Booking, Sales Order or Seller will be created."
"dispatch","Sheet1","116","260100134","DISPATCH_WITHOUT_SALES_ORDER","pboNo","NCLH30000131","Dispatch 260100134 has no matching Sales Order (searched by PBO NCLH30000131, order 251000037, invoice 900000674, chassis MCCJY7PRMSN100306, engine SQRH4J15AGSJ60333); it will be imported as a stock dispatch against the physical vehicle only — no Customer, Booking, Sales Order or Seller will be created."
"dispatch","Sheet1","117","260100101","DISPATCH_WITHOUT_SALES_ORDER","pboNo","NCLH30000433","Dispatch 260100101 has no matching Sales Order (searched by PBO NCLH30000433, order 251100106, invoice 900000837, chassis MCCJY7PRMTN100834, engine SQRH4J15AGSL60331); it will be imported as a stock dispatch against the physical vehicle only — no Customer, Booking, Sales Order or Seller will be created."
"dispatch","Sheet1","118","260100102","DISPATCH_WITHOUT_SALES_ORDER","pboNo","NCLH30000303","Dispatch 260100102 has no matching Sales Order (searched by PBO NCLH30000303, order 251100006, invoice 900000845, chassis MCCJY7PRMTN100864, engine SQRH4J15AGSL60333); it will be imported as a stock dispatch against the physical vehicle only — no Customer, Booking, Sales Order or Seller will be created."
"dispatch","Sheet1","119","260100104","DISPATCH_WITHOUT_SALES_ORDER","pboNo","NCLH30000345","Dispatch 260100104 has no matching Sales Order (searched by PBO NCLH30000345, order 251100032, invoice 900000838, chassis MCCJY7PRMTN100874, engine SQRH4J15AGSL60337); it will be imported as a stock dispatch against the physical vehicle only — no Customer, Booking, Sales Order or Seller will be created."
"dispatch","Sheet1","120","260100107","DISPATCH_WITHOUT_SALES_ORDER","pboNo","NCLH30000497","Dispatch 260100107 has no matching Sales Order (searched by PBO NCLH30000497, order 251100170, invoice 900000839, chassis MCCJY7PRMTN100892, engine SQRH4J15AGSL60224); it will be imported as a stock dispatch against the physical vehicle only — no Customer, Booking, Sales Order or Seller will be created."
"dispatch","Sheet1","121","260100108","DISPATCH_WITHOUT_SALES_ORDER","pboNo","NCLH30000502","Dispatch 260100108 has no matching Sales Order (searched by PBO NCLH30000502, order 251100175, invoice 900000840, chassis MCCJY7PRMTN100896, engine SQRH4J15AGSL60388); it will be imported as a stock dispatch against the physical vehicle only — no Customer, Booking, Sales Order or Seller will be created."
"dispatch","Sheet1","122","260100140","DISPATCH_WITHOUT_SALES_ORDER","pboNo","NCLH30000386","Dispatch 260100140 has no matching Sales Order (searched by PBO NCLH30000386, order 251100060, invoice 900000847, chassis MCCJY7PRMTN100908, engine SQRH4J15AGSL60273); it will be imported as a stock dispatch against the physical vehicle only — no Customer, Booking, Sales Order or Seller will be created."
"dispatch","Sheet1","123","260100103","DISPATCH_WITHOUT_SALES_ORDER","pboNo","NCLH30000340","Dispatch 260100103 has no matching Sales Order (searched by PBO NCLH30000340, order 251100029, invoice 900000867, chassis MCCJY7PRMTN100872, engine SQRH4J15AGSL60295); it will be imported as a stock dispatch against the physical vehicle only — no Customer, Booking, Sales Order or Seller will be created."
"dispatch","Sheet1","125","260100106","DISPATCH_WITHOUT_SALES_ORDER","pboNo","NCLH30000282","Dispatch 260100106 has no matching Sales Order (searched by PBO NCLH30000282, order 251000151, invoice 900000868, chassis MCCJY7PRMTN100884, engine SQRH4J15AGSL60264); it will be imported as a stock dispatch against the physical vehicle only — no Customer, Booking, Sales Order or Seller will be created."
"dispatch","Sheet1","126","260100141","DISPATCH_WITHOUT_SALES_ORDER","pboNo","NCLH30000389","Dispatch 260100141 has no matching Sales Order (searched by PBO NCLH30000389, order 251100063, invoice 900000877, chassis MCCJY7PRMTN100930, engine SQRH4J15AGSL60252); it will be imported as a stock dispatch against the physical vehicle only — no Customer, Booking, Sales Order or Seller will be created."
"dispatch","Sheet1","127","260100142","DISPATCH_WITHOUT_SALES_ORDER","pboNo","NCLH30000516","Dispatch 260100142 has no matching Sales Order (searched by PBO NCLH30000516, order 251100188, invoice 900000878, chassis MCCJY7PRMTN100931, engine SQRH4J15AGSL60357); it will be imported as a stock dispatch against the physical vehicle only — no Customer, Booking, Sales Order or Seller will be created."
"dispatch","Sheet1","128","260100021","DISPATCH_WITHOUT_SALES_ORDER","pboNo","NCLH30000107","Dispatch 260100021 has no matching Sales Order (searched by PBO NCLH30000107, order 251000023, invoice 900000849, chassis MCCJY7PRMSN100215, engine SQRH4J15AGSJ60352); it will be imported as a stock dispatch against the physical vehicle only — no Customer, Booking, Sales Order or Seller will be created."
"dispatch","Sheet1","129","260100024","DISPATCH_WITHOUT_SALES_ORDER","pboNo","NCLH30000277","Dispatch 260100024 has no matching Sales Order (searched by PBO NCLH30000277, order 251000146, invoice 900000850, chassis MCCJY7PRMSN100244, engine SQRH4J15AGSJ60356); it will be imported as a stock dispatch against the physical vehicle only — no Customer, Booking, Sales Order or Seller will be created."
"dispatch","Sheet1","130","260100110","DISPATCH_WITHOUT_SALES_ORDER","pboNo","NCLH30000207","Dispatch 260100110 has no matching Sales Order (searched by PBO NCLH30000207, order 251000091, invoice 900000991, chassis MCCJY7PRMTN101023, engine SQRH4J15AGSL60447); it will be imported as a stock dispatch against the physical vehicle only — no Customer, Booking, Sales Order or Seller will be created."
"dispatch","Sheet1","131","260100111","DISPATCH_WITHOUT_SALES_ORDER","pboNo","NCLH30000173","Dispatch 260100111 has no matching Sales Order (searched by PBO NCLH30000173, order 251000071, invoice 900000982, chassis MCCJY7PRMTN101036, engine SQRH4J15AGSL60445); it will be imported as a stock dispatch against the physical vehicle only — no Customer, Booking, Sales Order or Seller will be created."
"dispatch","Sheet1","132","260100113","DISPATCH_WITHOUT_SALES_ORDER","pboNo","NCLH30000170","Dispatch 260100113 has no matching Sales Order (searched by PBO NCLH30000170, order 251000069, invoice 900000984, chassis MCCJY7PRMTN101041, engine SQRH4J15AGSL60489); it will be imported as a stock dispatch against the physical vehicle only — no Customer, Booking, Sales Order or Seller will be created."
"dispatch","Sheet1","133","260100114","DISPATCH_WITHOUT_SALES_ORDER","pboNo","NCLH30000181","Dispatch 260100114 has no matching Sales Order (searched by PBO NCLH30000181, order 251000076, invoice 900000981, chassis MCCJY7PRMTN101065, engine SQRH4J15AGSL60493); it will be imported as a stock dispatch against the physical vehicle only — no Customer, Booking, Sales Order or Seller will be created."
"dispatch","Sheet1","134","260100003","DISPATCH_WITHOUT_SALES_ORDER","pboNo","NCLH30000078","Dispatch 260100003 has no matching Sales Order (searched by PBO NCLH30000078, order 251000008, invoice 900000942, chassis MCCJY7PRMSN100014, engine SQRH4J15AGSH60210); it will be imported as a stock dispatch against the physical vehicle only — no Customer, Booking, Sales Order or Seller will be created."
"dispatch","Sheet1","135","260100006","DISPATCH_WITHOUT_SALES_ORDER","pboNo","NCLH30000072","Dispatch 260100006 has no matching Sales Order (searched by PBO NCLH30000072, order 251000005, invoice 900000941, chassis MCCJY7PRMSN100041, engine SQRH4J15AGSH60207); it will be imported as a stock dispatch against the physical vehicle only — no Customer, Booking, Sales Order or Seller will be created."
"dispatch","Sheet1","136","260100010","DISPATCH_WITHOUT_SALES_ORDER","pboNo","NCLH30000094","Dispatch 260100010 has no matching Sales Order (searched by PBO NCLH30000094, order 251000016, invoice 900000943, chassis MCCJY7PRMSN100089, engine SQRH4J15AGSJ60059); it will be imported as a stock dispatch against the physical vehicle only — no Customer, Booking, Sales Order or Seller will be created."
"dispatch","Sheet1","137","260100068","DISPATCH_WITHOUT_SALES_ORDER","pboNo","NCLH30000373","Dispatch 260100068 has no matching Sales Order (searched by PBO NCLH30000373, order 251100050, invoice 900000938, chassis MCCJY7PRMSN100548, engine SQRH4J15AGSG60529); it will be imported as a stock dispatch against the physical vehicle only — no Customer, Booking, Sales Order or Seller will be created."
"dispatch","Sheet1","139","260100109","DISPATCH_WITHOUT_SALES_ORDER","pboNo","NCLH30000327","Dispatch 260100109 has no matching Sales Order (searched by PBO NCLH30000327, order 251100021, invoice 900001041, chassis MCCJY7PRMTN100957, engine SQRH4J15AGSL60336); it will be imported as a stock dispatch against the physical vehicle only — no Customer, Booking, Sales Order or Seller will be created."
"dispatch","Sheet1","140","260100112","DISPATCH_WITHOUT_SALES_ORDER","pboNo","NCLH30000298","Dispatch 260100112 has no matching Sales Order (searched by PBO NCLH30000298, order 251100001, invoice 900001029, chassis MCCJY7PRMTN101038, engine SQRH4J15AGSL60503); it will be imported as a stock dispatch against the physical vehicle only — no Customer, Booking, Sales Order or Seller will be created."
"dispatch","Sheet1","141","260100115","DISPATCH_WITHOUT_SALES_ORDER","pboNo","NCLH30000306","Dispatch 260100115 has no matching Sales Order (searched by PBO NCLH30000306, order 251100009, invoice 900001042, chassis MCCJY7PRMTN101081, engine SQRH4J15AGSL60532); it will be imported as a stock dispatch against the physical vehicle only — no Customer, Booking, Sales Order or Seller will be created."
"dispatch","Sheet1","142","260200023","DISPATCH_WITHOUT_SALES_ORDER","pboNo","NCLH30000309","Dispatch 260200023 has no matching Sales Order (searched by PBO NCLH30000309, order 251100012, invoice 900001059, chassis MCCJY7PRMTN101139, engine SQRH4J15AGSL60555); it will be imported as a stock dispatch against the physical vehicle only — no Customer, Booking, Sales Order or Seller will be created."
"dispatch","Sheet1","143","260200024","DISPATCH_WITHOUT_SALES_ORDER","pboNo","NCLH30000629","Dispatch 260200024 has no matching Sales Order (searched by PBO NCLH30000629, order 251200014, invoice 900001061, chassis MCCJY7PRMTN101016, engine SQRH4J15AGSL60613); it will be imported as a stock dispatch against the physical vehicle only — no Customer, Booking, Sales Order or Seller will be created."
"dispatch","Sheet1","144","260200026","DISPATCH_WITHOUT_SALES_ORDER","pboNo","NCLH30000486","Dispatch 260200026 has no matching Sales Order (searched by PBO NCLH30000486, order 251100159, invoice 900001063, chassis MCCJY7PRMTN100972, engine SQRH4J15AGSL60579); it will be imported as a stock dispatch against the physical vehicle only — no Customer, Booking, Sales Order or Seller will be created."
"dispatch","Sheet1","145","260200028","DISPATCH_WITHOUT_SALES_ORDER","pboNo","NCLH30000414","Dispatch 260200028 has no matching Sales Order (searched by PBO NCLH30000414, order 251100087, invoice 900001065, chassis MCCJY7PRMTN101012, engine SQRH4J15AGSL60616); it will be imported as a stock dispatch against the physical vehicle only — no Customer, Booking, Sales Order or Seller will be created."
"dispatch","Sheet1","146","260200041","DISPATCH_WITHOUT_SALES_ORDER","pboNo","NCLH30000387","Dispatch 260200041 has no matching Sales Order (searched by PBO NCLH30000387, order 251100061, invoice 900001608, chassis MCCJY7PRMSN100546, engine SQRH4J15AGSG60528); it will be imported as a stock dispatch against the physical vehicle only — no Customer, Booking, Sales Order or Seller will be created."
"dispatch","Sheet1","147","260100116","DISPATCH_WITHOUT_SALES_ORDER","pboNo","NCLH30000475","Dispatch 260100116 has no matching Sales Order (searched by PBO NCLH30000475, order 251100148, invoice 900001052, chassis MCCJY7PRMTN101126, engine SQRH4J15AGSL60559); it will be imported as a stock dispatch against the physical vehicle only — no Customer, Booking, Sales Order or Seller will be created."
"dispatch","Sheet1","148","260200025","DISPATCH_WITHOUT_SALES_ORDER","pboNo","NCLH30000634","Dispatch 260200025 has no matching Sales Order (searched by PBO NCLH30000634, order 251200019, invoice 900001062, chassis MCCJY7PRMTN101015, engine SQRH4J15AGSL60619); it will be imported as a stock dispatch against the physical vehicle only — no Customer, Booking, Sales Order or Seller will be created."
"dispatch","Sheet1","149","260100001","DISPATCH_WITHOUT_SALES_ORDER","pboNo","NCLH30000353","Dispatch 260100001 has no matching Sales Order (searched by PBO NCLH30000353, order 251100037, invoice 900001155, chassis MCCJY7PRMTN101098, engine SQRH4J15AGSL60594); it will be imported as a stock dispatch against the physical vehicle only — no Customer, Booking, Sales Order or Seller will be created."
"dispatch","Sheet1","150","260100143","DISPATCH_WITHOUT_SALES_ORDER","pboNo","NCLH30000368","Dispatch 260100143 has no matching Sales Order (searched by PBO NCLH30000368, order 251100047, invoice 900001101, chassis MCCJY7PRMTN100823, engine SQRH4J15AGSL60300); it will be imported as a stock dispatch against the physical vehicle only — no Customer, Booking, Sales Order or Seller will be created."
"dispatch","Sheet1","151","260100144","DISPATCH_WITHOUT_SALES_ORDER","pboNo","NCLH30000272","Dispatch 260100144 has no matching Sales Order (searched by PBO NCLH30000272, order 251000141, invoice 900001104, chassis MCCJY7PRMTN101167, engine SQRH4J15AGSL60702); it will be imported as a stock dispatch against the physical vehicle only — no Customer, Booking, Sales Order or Seller will be created."
"dispatch","Sheet1","152","260100145","DISPATCH_WITHOUT_SALES_ORDER","pboNo","NCLH30000283","Dispatch 260100145 has no matching Sales Order (searched by PBO NCLH30000283, order 251000152, invoice 900001131, chassis MCCJY7PRMSN100386, engine SQRH4J15AGSJ60284); it will be imported as a stock dispatch against the physical vehicle only — no Customer, Booking, Sales Order or Seller will be created."
"dispatch","Sheet1","153","260100146","DISPATCH_WITHOUT_SALES_ORDER","pboNo","NCLH30000198","Dispatch 260100146 has no matching Sales Order (searched by PBO NCLH30000198, order 251000086, invoice 900001153, chassis MCCJY7PRMTN101200, engine SQRH4J15AGSL60625); it will be imported as a stock dispatch against the physical vehicle only — no Customer, Booking, Sales Order or Seller will be created."
"dispatch","Sheet1","154","260100147","DISPATCH_WITHOUT_SALES_ORDER","pboNo","NCLH30000336","Dispatch 260100147 has no matching Sales Order (searched by PBO NCLH30000336, order 251100027, invoice 900001154, chassis MCCJY7PRMTN101095, engine SQRH4J15AGSL60587); it will be imported as a stock dispatch against the physical vehicle only — no Customer, Booking, Sales Order or Seller will be created."
"dispatch","Sheet1","155","260100148","DISPATCH_WITHOUT_SALES_ORDER","pboNo","NCLH30000266","Dispatch 260100148 has no matching Sales Order (searched by PBO NCLH30000266, order 251000138, invoice 900001132, chassis MCCJY7PRMTN101053, engine SQRH4J15AGSL60479); it will be imported as a stock dispatch against the physical vehicle only — no Customer, Booking, Sales Order or Seller will be created."
"dispatch","Sheet1","156","260100149","DISPATCH_WITHOUT_SALES_ORDER","pboNo","NCLH30000258","Dispatch 260100149 has no matching Sales Order (searched by PBO NCLH30000258, order 251000131, invoice 900001133, chassis MCCJY7PRMTN101067, engine SQRH4J15AGSL60551); it will be imported as a stock dispatch against the physical vehicle only — no Customer, Booking, Sales Order or Seller will be created."
"dispatch","Sheet1","157","260100150","DISPATCH_WITHOUT_SALES_ORDER","pboNo","NCLH30000253","Dispatch 260100150 has no matching Sales Order (searched by PBO NCLH30000253, order 251000126, invoice 900001134, chassis MCCJY7PRMTN101072, engine SQRH4J15AGSL60441); it will be imported as a stock dispatch against the physical vehicle only — no Customer, Booking, Sales Order or Seller will be created."
"dispatch","Sheet1","158","260100151","DISPATCH_WITHOUT_SALES_ORDER","pboNo","NCLH30000264","Dispatch 260100151 has no matching Sales Order (searched by PBO NCLH30000264, order 251000137, invoice 900001135, chassis MCCJY7PRMTN101133, engine SQRH4J15AGSL60589); it will be imported as a stock dispatch against the physical vehicle only — no Customer, Booking, Sales Order or Seller will be created."
"dispatch","Sheet1","159","260100152","DISPATCH_WITHOUT_SALES_ORDER","pboNo","NCLH30000227","Dispatch 260100152 has no matching Sales Order (searched by PBO NCLH30000227, order 251000102, invoice 900001136, chassis MCCJY7PRMTN101152, engine SQRH4J15AGSL60595); it will be imported as a stock dispatch against the physical vehicle only — no Customer, Booking, Sales Order or Seller will be created."
"dispatch","Sheet1","160","260100153","DISPATCH_WITHOUT_SALES_ORDER","pboNo","NCLH30000226","Dispatch 260100153 has no matching Sales Order (searched by PBO NCLH30000226, order 251000101, invoice 900001137, chassis MCCJY7PRMTN101153, engine SQRH4J15AGSL60741); it will be imported as a stock dispatch against the physical vehicle only — no Customer, Booking, Sales Order or Seller will be created."
"dispatch","Sheet1","161","260100154","DISPATCH_WITHOUT_SALES_ORDER","pboNo","NCLH30000349","Dispatch 260100154 has no matching Sales Order (searched by PBO NCLH30000349, order 251100035, invoice 900001156, chassis MCCJY7PRMTN101099, engine SQRH4J15AGSL60578); it will be imported as a stock dispatch against the physical vehicle only — no Customer, Booking, Sales Order or Seller will be created."
"dispatch","Sheet1","162","260100155","DISPATCH_WITHOUT_SALES_ORDER","pboNo","NCLH30000230","Dispatch 260100155 has no matching Sales Order (searched by PBO NCLH30000230, order 251000105, invoice 900001130, chassis MCCJY7PRMTN101149, engine SQRH4J15AGSL60529); it will be imported as a stock dispatch against the physical vehicle only — no Customer, Booking, Sales Order or Seller will be created."
"dispatch","Sheet1","163","260100156","DISPATCH_WITHOUT_SALES_ORDER","pboNo","NCLH30000305","Dispatch 260100156 has no matching Sales Order (searched by PBO NCLH30000305, order 251100008, invoice 900001161, chassis MCCJY7PRMSN100636, engine SQRH4J15AGSL60029); it will be imported as a stock dispatch against the physical vehicle only — no Customer, Booking, Sales Order or Seller will be created."
"dispatch","Sheet1","164","260100157","DISPATCH_WITHOUT_SALES_ORDER","pboNo","NCLH30000257","Dispatch 260100157 has no matching Sales Order (searched by PBO NCLH30000257, order 251000130, invoice 900001091, chassis MCCJY7PRMSN100583, engine SQRH4J15AGSF61194); it will be imported as a stock dispatch against the physical vehicle only — no Customer, Booking, Sales Order or Seller will be created."
"dispatch","Sheet1","165","260100158","DISPATCH_WITHOUT_SALES_ORDER","pboNo","NCLH30000313","Dispatch 260100158 has no matching Sales Order (searched by PBO NCLH30000313, order 251100014, invoice 900001185, chassis MCCJY7PRMTN101272, engine SQRH4J15AGSL60778); it will be imported as a stock dispatch against the physical vehicle only — no Customer, Booking, Sales Order or Seller will be created."
"dispatch","Sheet1","166","260100159","DISPATCH_WITHOUT_SALES_ORDER","pboNo","NCLH30000287","Dispatch 260100159 has no matching Sales Order (searched by PBO NCLH30000287, order 251000156, invoice 900001208, chassis MCCJY7PRMTN101253, engine SQRH4J15AGSL60683); it will be imported as a stock dispatch against the physical vehicle only — no Customer, Booking, Sales Order or Seller will be created."
"dispatch","Sheet1","167","260200029","DISPATCH_WITHOUT_SALES_ORDER","pboNo","NCLH30000012","Dispatch 260200029 has no matching Sales Order (searched by PBO NCLH30000012, order 250800002, invoice 900001089, chassis LNNBDDDN4SD907345, engine 112AA3AAPDSJ05182); it will be imported as a stock dispatch against the physical vehicle only — no Customer, Booking, Sales Order or Seller will be created."
"dispatch","Sheet1","168","260200030","DISPATCH_WITHOUT_SALES_ORDER","pboNo","NCLH30000212","Dispatch 260200030 has no matching Sales Order (searched by PBO NCLH30000212, order 251000094, invoice 900001090, chassis MCCJY7PRMSN100315, engine SQRH4J15AGSJ60192); it will be imported as a stock dispatch against the physical vehicle only — no Customer, Booking, Sales Order or Seller will be created."
"dispatch","Sheet1","169","260200031","DISPATCH_WITHOUT_SALES_ORDER","pboNo","NCLH30000225","Dispatch 260200031 has no matching Sales Order (searched by PBO NCLH30000225, order 251000100, invoice 900001138, chassis MCCJY7PRMTN101232, engine SQRH4J15AGSL60609); it will be imported as a stock dispatch against the physical vehicle only — no Customer, Booking, Sales Order or Seller will be created."
"dispatch","Sheet1","170","260200032","DISPATCH_WITHOUT_SALES_ORDER","pboNo","NCLH30000235","Dispatch 260200032 has no matching Sales Order (searched by PBO NCLH30000235, order 251000110, invoice 900001139, chassis MCCJY7PRMTN101155, engine SQRH4J15AGSL60593); it will be imported as a stock dispatch against the physical vehicle only — no Customer, Booking, Sales Order or Seller will be created."
"dispatch","Sheet1","171","260200033","DISPATCH_WITHOUT_SALES_ORDER","pboNo","NCLH30000245","Dispatch 260200033 has no matching Sales Order (searched by PBO NCLH30000245, order 251000120, invoice 900001145, chassis MCCJY7PRMTN101164, engine SQRH4J15AGSL60703); it will be imported as a stock dispatch against the physical vehicle only — no Customer, Booking, Sales Order or Seller will be created."
"dispatch","Sheet1","172","260200034","DISPATCH_WITHOUT_SALES_ORDER","pboNo","NCLH30000244","Dispatch 260200034 has no matching Sales Order (searched by PBO NCLH30000244, order 251000119, invoice 900001146, chassis MCCJY7PRMTN101166, engine SQRH4J15AGSL60592); it will be imported as a stock dispatch against the physical vehicle only — no Customer, Booking, Sales Order or Seller will be created."
"dispatch","Sheet1","173","260200035","DISPATCH_WITHOUT_SALES_ORDER","pboNo","NCLH30000242","Dispatch 260200035 has no matching Sales Order (searched by PBO NCLH30000242, order 251000117, invoice 900001147, chassis MCCJY7PRMTN101173, engine SQRH4J15AGSL60744); it will be imported as a stock dispatch against the physical vehicle only — no Customer, Booking, Sales Order or Seller will be created."
"dispatch","Sheet1","174","260200036","DISPATCH_WITHOUT_SALES_ORDER","pboNo","NCLH30000237","Dispatch 260200036 has no matching Sales Order (searched by PBO NCLH30000237, order 251000112, invoice 900001148, chassis MCCJY7PRMTN101174, engine SQRH4J15AGSL60757); it will be imported as a stock dispatch against the physical vehicle only — no Customer, Booking, Sales Order or Seller will be created."
"dispatch","Sheet1","175","260100161","DISPATCH_WITHOUT_SALES_ORDER","pboNo","NCLH30000566","Dispatch 260100161 has no matching Sales Order (searched by PBO NCLH30000566, order 251100237, invoice 900001232, chassis MCCJY7PRMTN101127, engine SQRH4J15AGSL60558); it will be imported as a stock dispatch against the physical vehicle only — no Customer, Booking, Sales Order or Seller will be created."
"dispatch","Sheet1","176","260100160","DISPATCH_WITHOUT_SALES_ORDER","pboNo","NCLH30000624","Dispatch 260100160 has no matching Sales Order (searched by PBO NCLH30000624, order 251200009, invoice 900001221, chassis MCCJY7PRMSN100012, engine SQRH4J15AGSH60203); it will be imported as a stock dispatch against the physical vehicle only — no Customer, Booking, Sales Order or Seller will be created."
"dispatch","Sheet1","177","260100167","DISPATCH_WITHOUT_SALES_ORDER","pboNo","NCLH30000164","Dispatch 260100167 has no matching Sales Order (searched by PBO NCLH30000164, order 251000064, invoice 900001322, chassis MCCJY7PRMTN101134, engine SQRH4J15AGSL60597); it will be imported as a stock dispatch against the physical vehicle only — no Customer, Booking, Sales Order or Seller will be created."
"dispatch","Sheet1","178","260200037","DISPATCH_WITHOUT_SALES_ORDER","pboNo","NCLH30000119","Dispatch 260200037 has no matching Sales Order (searched by PBO NCLH30000119, order 251000029, invoice 900001275, chassis MCCJY7PRMSN100282, engine SQRH4J15AGSJ60299); it will be imported as a stock dispatch against the physical vehicle only — no Customer, Booking, Sales Order or Seller will be created."
"dispatch","Sheet1","179","260100163","DISPATCH_WITHOUT_SALES_ORDER","pboNo","NCLH30000317","Dispatch 260100163 has no matching Sales Order (searched by PBO NCLH30000317, order 251100016, invoice 900001338, chassis MCCJY7PRMTN101390, engine SQRH4J15AGSL60887); it will be imported as a stock dispatch against the physical vehicle only — no Customer, Booking, Sales Order or Seller will be created."
"dispatch","Sheet1","180","260100164","DISPATCH_WITHOUT_SALES_ORDER","pboNo","NCLH30000323","Dispatch 260100164 has no matching Sales Order (searched by PBO NCLH30000323, order 251100019, invoice 900001314, chassis MCCJY7PRMTN101392, engine SQRH4J15AGSL60776); it will be imported as a stock dispatch against the physical vehicle only — no Customer, Booking, Sales Order or Seller will be created."
"dispatch","Sheet1","181","260100165","DISPATCH_WITHOUT_SALES_ORDER","pboNo","NCLH30000332","Dispatch 260100165 has no matching Sales Order (searched by PBO NCLH30000332, order 251100023, invoice 900001315, chassis MCCJY7PRMTN101391, engine SQRH4J15AGSL60883); it will be imported as a stock dispatch against the physical vehicle only — no Customer, Booking, Sales Order or Seller will be created."
"dispatch","Sheet1","182","260100166","DISPATCH_WITHOUT_SALES_ORDER","pboNo","NCLH30000406","Dispatch 260100166 has no matching Sales Order (searched by PBO NCLH30000406, order 251100079, invoice 900001316, chassis MCCJY7PRMTN101301, engine SQRH4J15AGSL60642); it will be imported as a stock dispatch against the physical vehicle only — no Customer, Booking, Sales Order or Seller will be created."
"dispatch","Sheet1","183","260100168","DISPATCH_WITHOUT_SALES_ORDER","pboNo","NCLH30000344","Dispatch 260100168 has no matching Sales Order (searched by PBO NCLH30000344, order 251100031, invoice 900001323, chassis MCCJY7PRMTN101393, engine SQRH4J15AGSL60782); it will be imported as a stock dispatch against the physical vehicle only — no Customer, Booking, Sales Order or Seller will be created."
"dispatch","Sheet1","184","260100169","DISPATCH_WITHOUT_SALES_ORDER","pboNo","NCLH30000571","Dispatch 260100169 has no matching Sales Order (searched by PBO NCLH30000571, order 251100242, invoice 900001390, chassis MCCJY7PRMTN101039, engine SQRH4J15AGSL60508); it will be imported as a stock dispatch against the physical vehicle only — no Customer, Booking, Sales Order or Seller will be created."
"dispatch","Sheet1","185","260100170","DISPATCH_WITHOUT_SALES_ORDER","pboNo","NCLH30000465","Dispatch 260100170 has no matching Sales Order (searched by PBO NCLH30000465, order 251100138, invoice 900001377, chassis MCCJY7PRMTN101353, engine SQRH4J15AGSL60936); it will be imported as a stock dispatch against the physical vehicle only — no Customer, Booking, Sales Order or Seller will be created."
"dispatch","Sheet1","186","260200038","DISPATCH_WITHOUT_SALES_ORDER","pboNo","NCLH30000183","Dispatch 260200038 has no matching Sales Order (searched by PBO NCLH30000183, order 251000078, invoice 900001292, chassis MCCJY7PRMSN100492, engine SQRH4J15AGSF61256); it will be imported as a stock dispatch against the physical vehicle only — no Customer, Booking, Sales Order or Seller will be created."
"dispatch","Sheet1","187","260200001","DISPATCH_WITHOUT_SALES_ORDER","pboNo","NCLH30000457","Dispatch 260200001 has no matching Sales Order (searched by PBO NCLH30000457, order 251100130, invoice 900001428, chassis MCCJY7PRMTN101370, engine SQRH4J15AGSL60774); it will be imported as a stock dispatch against the physical vehicle only — no Customer, Booking, Sales Order or Seller will be created."
"dispatch","Sheet1","188","260200003","DISPATCH_WITHOUT_SALES_ORDER","pboNo","NCLH30000355","Dispatch 260200003 has no matching Sales Order (searched by PBO NCLH30000355, order 251100038, invoice 900001453, chassis MCCJY7PRMTN101412, engine SQRH4J15AGSL60871); it will be imported as a stock dispatch against the physical vehicle only — no Customer, Booking, Sales Order or Seller will be created."
"dispatch","Sheet1","189","260200005","DISPATCH_WITHOUT_SALES_ORDER","pboNo","NCLH30000558","Dispatch 260200005 has no matching Sales Order (searched by PBO NCLH30000558, order 251100229, invoice 900001454, chassis MCCJY7PRMTN101418, engine SQRH4J15AGSL60853); it will be imported as a stock dispatch against the physical vehicle only — no Customer, Booking, Sales Order or Seller will be created."
"dispatch","Sheet1","190","260500061","DISPATCH_WITHOUT_SALES_ORDER","pboNo","NCLH30000076","Dispatch 260500061 has no matching Sales Order (searched by PBO NCLH30000076, order 251000007, invoice 900001397, chassis MCCJY7PRMSN100222, engine SQRH4J15AGSJ60316); it will be imported as a stock dispatch against the physical vehicle only — no Customer, Booking, Sales Order or Seller will be created."
"dispatch","Sheet1","191","260500062","DISPATCH_WITHOUT_SALES_ORDER","pboNo","NCLH30000116","Dispatch 260500062 has no matching Sales Order (searched by PBO NCLH30000116, order 251000027, invoice 900001398, chassis MCCJY7PRMSN100182, engine SQRH4J15AGSJ60007); it will be imported as a stock dispatch against the physical vehicle only — no Customer, Booking, Sales Order or Seller will be created."
"dispatch","Sheet1","193","260200004","DISPATCH_WITHOUT_SALES_ORDER","pboNo","NCLH30000247","Dispatch 260200004 has no matching Sales Order (searched by PBO NCLH30000247, order 251000122, invoice 900001468, chassis MCCJY7PRMTN101383, engine SQRH4J15AGSM60099); it will be imported as a stock dispatch against the physical vehicle only — no Customer, Booking, Sales Order or Seller will be created."
"dispatch","Sheet1","194","260500063","DISPATCH_WITHOUT_SALES_ORDER","pboNo","NCLH30000427","Dispatch 260500063 has no matching Sales Order (searched by PBO NCLH30000427, order 251100100, invoice 900001413, chassis MCCJY7PRMSN100452, engine SQRH4J15AGSF61369); it will be imported as a stock dispatch against the physical vehicle only — no Customer, Booking, Sales Order or Seller will be created."
"dispatch","Sheet1","195","260500064","DISPATCH_WITHOUT_SALES_ORDER","pboNo","NCLH30000546","Dispatch 260500064 has no matching Sales Order (searched by PBO NCLH30000546, order 251100217, invoice 900001416, chassis MCCJY7PRMSN100582, engine SQRH4J15AGSF61191); it will be imported as a stock dispatch against the physical vehicle only — no Customer, Booking, Sales Order or Seller will be created."
"dispatch","Sheet1","197","260200007","DISPATCH_WITHOUT_SALES_ORDER","pboNo","NCLH30000500","Dispatch 260200007 has no matching Sales Order (searched by PBO NCLH30000500, order 251100173, invoice 900001513, chassis MCCJY7PRMTN101379, engine SQRH4J15AGSL60891); it will be imported as a stock dispatch against the physical vehicle only — no Customer, Booking, Sales Order or Seller will be created."
"dispatch","Sheet1","198","260200008","DISPATCH_WITHOUT_SALES_ORDER","pboNo","NCLH30000185","Dispatch 260200008 has no matching Sales Order (searched by PBO NCLH30000185, order 251000079, invoice 900001503, chassis MCCJY7PRMTN101073, engine SQRH4J15AGSL60961); it will be imported as a stock dispatch against the physical vehicle only — no Customer, Booking, Sales Order or Seller will be created."
"dispatch","Sheet1","199","260200009","DISPATCH_WITHOUT_SALES_ORDER","pboNo","NCLH30000214","Dispatch 260200009 has no matching Sales Order (searched by PBO NCLH30000214, order 251000095, invoice 900001499, chassis MCCJY7PRMTN101027, engine SQRH4J15AGSL60468); it will be imported as a stock dispatch against the physical vehicle only — no Customer, Booking, Sales Order or Seller will be created."
"dispatch","Sheet1","200","260200010","DISPATCH_WITHOUT_SALES_ORDER","pboNo","NCLH30000263","Dispatch 260200010 has no matching Sales Order (searched by PBO NCLH30000263, order 251000136, invoice 900001507, chassis MCCJY7PRMTN101399, engine SQRH4J15AGSL60888); it will be imported as a stock dispatch against the physical vehicle only — no Customer, Booking, Sales Order or Seller will be created."
"dispatch","Sheet1","201","260200011","DISPATCH_WITHOUT_SALES_ORDER","pboNo","NCLH30000273","Dispatch 260200011 has no matching Sales Order (searched by PBO NCLH30000273, order 251000142, invoice 900001508, chassis MCCJY7PRMTN101130, engine SQRH4J15AGSM60041); it will be imported as a stock dispatch against the physical vehicle only — no Customer, Booking, Sales Order or Seller will be created."
"dispatch","Sheet1","202","260200012","DISPATCH_WITHOUT_SALES_ORDER","pboNo","NCLH30000365","Dispatch 260200012 has no matching Sales Order (searched by PBO NCLH30000365, order 251100045, invoice 900001532, chassis MCCJY7PRMTN101421, engine SQRH4J15AGSL60878); it will be imported as a stock dispatch against the physical vehicle only — no Customer, Booking, Sales Order or Seller will be created."
"dispatch","Sheet1","203","260200013","DISPATCH_WITHOUT_SALES_ORDER","pboNo","NCLH30000366","Dispatch 260200013 has no matching Sales Order (searched by PBO NCLH30000366, order 251100046, invoice 900001533, chassis MCCJY7PRMTN101422, engine SQRH4J15AGSL60874); it will be imported as a stock dispatch against the physical vehicle only — no Customer, Booking, Sales Order or Seller will be created."
"dispatch","Sheet1","204","260200014","DISPATCH_WITHOUT_SALES_ORDER","pboNo","NCLH30000356","Dispatch 260200014 has no matching Sales Order (searched by PBO NCLH30000356, order 251100039, invoice 900001534, chassis MCCJY7PRMTN101425, engine SQRH4J15AGSL60941); it will be imported as a stock dispatch against the physical vehicle only — no Customer, Booking, Sales Order or Seller will be created."
"dispatch","Sheet1","205","260200015","DISPATCH_WITHOUT_SALES_ORDER","pboNo","NCLH30000512","Dispatch 260200015 has no matching Sales Order (searched by PBO NCLH30000512, order 251100185, invoice 900001538, chassis MCCJY7PRMTN101443, engine SQRH4J15AGSL60771); it will be imported as a stock dispatch against the physical vehicle only — no Customer, Booking, Sales Order or Seller will be created."
"dispatch","Sheet1","206","260200016","DISPATCH_WITHOUT_SALES_ORDER","pboNo","NCLH30000511","Dispatch 260200016 has no matching Sales Order (searched by PBO NCLH30000511, order 251100184, invoice 900001539, chassis MCCJY7PRMTN101444, engine SQRH4J15AGSL60767); it will be imported as a stock dispatch against the physical vehicle only — no Customer, Booking, Sales Order or Seller will be created."
"dispatch","Sheet1","207","260200017","DISPATCH_WITHOUT_SALES_ORDER","pboNo","NCLH30000297","Dispatch 260200017 has no matching Sales Order (searched by PBO NCLH30000297, order 251000161, invoice 900001543, chassis MCCJY7PRMTN101460, engine SQRH4J15AGSM60015); it will be imported as a stock dispatch against the physical vehicle only — no Customer, Booking, Sales Order or Seller will be created."
"dispatch","Sheet1","208","260200018","DISPATCH_WITHOUT_SALES_ORDER","pboNo","NCLH30000338","Dispatch 260200018 has no matching Sales Order (searched by PBO NCLH30000338, order 251100028, invoice 900001544, chassis MCCJY7PRMTN101462, engine SQRH4J15AGSL60806); it will be imported as a stock dispatch against the physical vehicle only — no Customer, Booking, Sales Order or Seller will be created."
"dispatch","Sheet1","209","260200019","DISPATCH_WITHOUT_SALES_ORDER","pboNo","NCLH30000492","Dispatch 260200019 has no matching Sales Order (searched by PBO NCLH30000492, order 251100165, invoice 900001494, chassis MCCJY7PRMTN101492, engine SQRH4J15AGSL60897); it will be imported as a stock dispatch against the physical vehicle only — no Customer, Booking, Sales Order or Seller will be created."
"dispatch","Sheet1","210","260200020","DISPATCH_WITHOUT_SALES_ORDER","pboNo","NCLH30000311","Dispatch 260200020 has no matching Sales Order (searched by PBO NCLH30000311, order 251100013, invoice 900001566, chassis MCCJY7PRMTN101470, engine SQRH4J15AGSL60824); it will be imported as a stock dispatch against the physical vehicle only — no Customer, Booking, Sales Order or Seller will be created."
"dispatch","Sheet1","211","260200021","DISPATCH_WITHOUT_SALES_ORDER","pboNo","NCLH30000300","Dispatch 260200021 has no matching Sales Order (searched by PBO NCLH30000300, order 251100003, invoice 900001561, chassis MCCJY7PRMTN101464, engine SQRH4J15AGSL60800); it will be imported as a stock dispatch against the physical vehicle only — no Customer, Booking, Sales Order or Seller will be created."
"dispatch","Sheet1","212","260200022","DISPATCH_WITHOUT_SALES_ORDER","pboNo","NCLH30000334","Dispatch 260200022 has no matching Sales Order (searched by PBO NCLH30000334, order 251100025, invoice 900001560, chassis MCCJY7PRMTN101463, engine SQRH4J15AGSL60823); it will be imported as a stock dispatch against the physical vehicle only — no Customer, Booking, Sales Order or Seller will be created."
"dispatch","Sheet1","213","260500065","DISPATCH_WITHOUT_SALES_ORDER","pboNo","NCLH30000133","Dispatch 260500065 has no matching Sales Order (searched by PBO NCLH30000133, order 251000039, invoice 900001485, chassis MCCJY7PRMSN100048, engine SQRH4J15AGSH60175); it will be imported as a stock dispatch against the physical vehicle only — no Customer, Booking, Sales Order or Seller will be created."
"dispatch","Sheet1","214","260200039","DISPATCH_WITHOUT_SALES_ORDER","pboNo","NCLH30000307","Dispatch 260200039 has no matching Sales Order (searched by PBO NCLH30000307, order 251100010, invoice 900001587, chassis MCCJY7PRMTN101005, engine SQRH4J15AGSL60636); it will be imported as a stock dispatch against the physical vehicle only — no Customer, Booking, Sales Order or Seller will be created."
"dispatch","Sheet1","215","260200040","DISPATCH_WITHOUT_SALES_ORDER","pboNo","NCLH30000541","Dispatch 260200040 has no matching Sales Order (searched by PBO NCLH30000541, order 251100213, invoice 900001589, chassis MCCJY7PRMTN101531, engine SQRH4J15AGSM60050); it will be imported as a stock dispatch against the physical vehicle only — no Customer, Booking, Sales Order or Seller will be created."
"dispatch","Sheet1","217","260200044","DISPATCH_WITHOUT_SALES_ORDER","pboNo","NCLH30000252","Dispatch 260200044 has no matching Sales Order (searched by PBO NCLH30000252, order 251000125, invoice 900001653, chassis MCCJY7PRMTN101533, engine SQRH4J15AGSM00009); it will be imported as a stock dispatch against the physical vehicle only — no Customer, Booking, Sales Order or Seller will be created."
"dispatch","Sheet1","218","260200046","DISPATCH_WITHOUT_SALES_ORDER","pboNo","NCLH30000299","Dispatch 260200046 has no matching Sales Order (searched by PBO NCLH30000299, order 251100002, invoice 900001655, chassis MCCJY7PRMTN101637, engine SQRH4J15AGSM60257); it will be imported as a stock dispatch against the physical vehicle only — no Customer, Booking, Sales Order or Seller will be created."
"dispatch","Sheet1","219","260200047","DISPATCH_WITHOUT_SALES_ORDER","pboNo","NCLH30000407","Dispatch 260200047 has no matching Sales Order (searched by PBO NCLH30000407, order 251100080, invoice 900001656, chassis MCCJY7PRMTN101543, engine SQRH4J15AGSM60277); it will be imported as a stock dispatch against the physical vehicle only — no Customer, Booking, Sales Order or Seller will be created."
"dispatch","Sheet1","220","260200048","DISPATCH_WITHOUT_SALES_ORDER","pboNo","NCLH30000308","Dispatch 260200048 has no matching Sales Order (searched by PBO NCLH30000308, order 251100011, invoice 900001657, chassis MCCJY7PRMTN101529, engine SQRH4J15AGSM60048); it will be imported as a stock dispatch against the physical vehicle only — no Customer, Booking, Sales Order or Seller will be created."
"dispatch","Sheet1","221","260200049","DISPATCH_WITHOUT_SALES_ORDER","pboNo","NCLH30000293","Dispatch 260200049 has no matching Sales Order (searched by PBO NCLH30000293, order 251000159, invoice 900001658, chassis MCCJY7PRMTN101591, engine SQRH4J15AGSM00002); it will be imported as a stock dispatch against the physical vehicle only — no Customer, Booking, Sales Order or Seller will be created."
"dispatch","Sheet1","222","260200050","DISPATCH_WITHOUT_SALES_ORDER","pboNo","NCLH30000376","Dispatch 260200050 has no matching Sales Order (searched by PBO NCLH30000376, order 251100052, invoice 900001659, chassis MCCJY7PRMTN101648, engine SQRH4J15AGSM60272); it will be imported as a stock dispatch against the physical vehicle only — no Customer, Booking, Sales Order or Seller will be created."
"dispatch","Sheet1","223","260200051","DISPATCH_WITHOUT_SALES_ORDER","pboNo","NCLH30000384","Dispatch 260200051 has no matching Sales Order (searched by PBO NCLH30000384, order 251100058, invoice 900001681, chassis MCCJY7PRMTN101653, engine SQRH4J15AGSM60273); it will be imported as a stock dispatch against the physical vehicle only — no Customer, Booking, Sales Order or Seller will be created."
"dispatch","Sheet1","224","260200052","DISPATCH_WITHOUT_SALES_ORDER","pboNo","NCLH30000363","Dispatch 260200052 has no matching Sales Order (searched by PBO NCLH30000363, order 251100044, invoice 900001680, chassis MCCJY7PRMTN101553, engine SQRH4J15AGSM00022); it will be imported as a stock dispatch against the physical vehicle only — no Customer, Booking, Sales Order or Seller will be created."
"dispatch","Sheet1","225","260200054","DISPATCH_WITHOUT_SALES_ORDER","pboNo","NCLH30000255","Dispatch 260200054 has no matching Sales Order (searched by PBO NCLH30000255, order 251000128, invoice 900001717, chassis MCCJY7PRMTN101635, engine SQRH4J15AGSM60261); it will be imported as a stock dispatch against the physical vehicle only — no Customer, Booking, Sales Order or Seller will be created."
"dispatch","Sheet1","226","260200055","DISPATCH_WITHOUT_SALES_ORDER","pboNo","NCLH30000319","Dispatch 260200055 has no matching Sales Order (searched by PBO NCLH30000319, order 251100017, invoice 900001718, chassis MCCJY7PRMTN101593, engine SQRH4J15AGSM00006); it will be imported as a stock dispatch against the physical vehicle only — no Customer, Booking, Sales Order or Seller will be created."
"dispatch","Sheet1","227","260200102","DISPATCH_WITHOUT_SALES_ORDER","pboNo","NCLH30000217","Dispatch 260200102 has no matching Sales Order (searched by PBO NCLH30000217, order 251000096, invoice 900002017, chassis MCCJY7PRMTN102184, engine SQRH4J15AGSM60846); it will be imported as a stock dispatch against the physical vehicle only — no Customer, Booking, Sales Order or Seller will be created."
"dispatch","Sheet1","229","260200057","DISPATCH_WITHOUT_SALES_ORDER","pboNo","NCLH30000359","Dispatch 260200057 has no matching Sales Order (searched by PBO NCLH30000359, order 251100041, invoice 900001743, chassis MCCJY7PRMTN101662, engine SQRH4J15AGSL60720); it will be imported as a stock dispatch against the physical vehicle only — no Customer, Booking, Sales Order or Seller will be created."
"dispatch","Sheet1","230","260200058","DISPATCH_WITHOUT_SALES_ORDER","pboNo","NCLH30000504","Dispatch 260200058 has no matching Sales Order (searched by PBO NCLH30000504, order 251100177, invoice 900001744, chassis MCCJY7PRMTN101554, engine SQRH4J15AGSM60288); it will be imported as a stock dispatch against the physical vehicle only — no Customer, Booking, Sales Order or Seller will be created."
"dispatch","Sheet1","231","260200059","DISPATCH_WITHOUT_SALES_ORDER","pboNo","NCLH30000517","Dispatch 260200059 has no matching Sales Order (searched by PBO NCLH30000517, order 251100189, invoice 900001745, chassis MCCJY7PRMTN101565, engine SQRH4J15AGSM60260); it will be imported as a stock dispatch against the physical vehicle only — no Customer, Booking, Sales Order or Seller will be created."
"dispatch","Sheet1","232","260200060","DISPATCH_WITHOUT_SALES_ORDER","pboNo","NCLH30000331","Dispatch 260200060 has no matching Sales Order (searched by PBO NCLH30000331, order 251100022, invoice 900001749, chassis MCCJY7PRMTN101619, engine SQRH4J15AGSM60252); it will be imported as a stock dispatch against the physical vehicle only — no Customer, Booking, Sales Order or Seller will be created."
"dispatch","Sheet1","233","260200061","DISPATCH_WITHOUT_SALES_ORDER","pboNo","NCLH30000382","Dispatch 260200061 has no matching Sales Order (searched by PBO NCLH30000382, order 251100056, invoice 900001750, chassis MCCJY7PRMTN101621, engine SQRH4J15AGSL60802); it will be imported as a stock dispatch against the physical vehicle only — no Customer, Booking, Sales Order or Seller will be created."
"dispatch","Sheet1","234","260200062","DISPATCH_WITHOUT_SALES_ORDER","pboNo","NCLH30000398","Dispatch 260200062 has no matching Sales Order (searched by PBO NCLH30000398, order 251100071, invoice 900001751, chassis MCCJY7PRMTN101716, engine SQRH4J15AGSL60688); it will be imported as a stock dispatch against the physical vehicle only — no Customer, Booking, Sales Order or Seller will be created."
"dispatch","Sheet1","235","260200063","DISPATCH_WITHOUT_SALES_ORDER","pboNo","NCLH30000508","Dispatch 260200063 has no matching Sales Order (searched by PBO NCLH30000508, order 251100181, invoice 900001752, chassis MCCJY7PRMTN101770, engine SQRH4J15AGSM60512); it will be imported as a stock dispatch against the physical vehicle only — no Customer, Booking, Sales Order or Seller will be created."
"dispatch","Sheet1","236","260200064","DISPATCH_WITHOUT_SALES_ORDER","pboNo","NCLH30000347","Dispatch 260200064 has no matching Sales Order (searched by PBO NCLH30000347, order 251100034, invoice 900001753, chassis MCCJY7PRMTN101608, engine SQRH4J15AGSM60155); it will be imported as a stock dispatch against the physical vehicle only — no Customer, Booking, Sales Order or Seller will be created."
"dispatch","Sheet1","237","260200067","DISPATCH_WITHOUT_SALES_ORDER","pboNo","NCLH30000495","Dispatch 260200067 has no matching Sales Order (searched by PBO NCLH30000495, order 251100168, invoice 900001713, chassis MCCJY7PRMTN101520, engine SQRH4J15AGSL60939); it will be imported as a stock dispatch against the physical vehicle only — no Customer, Booking, Sales Order or Seller will be created."
"dispatch","Sheet1","238","260200068","DISPATCH_WITHOUT_SALES_ORDER","pboNo","NCLH30000646","Dispatch 260200068 has no matching Sales Order (searched by PBO NCLH30000646, order 251200032, invoice 900001764, chassis MCCJY7PRMTN101534, engine SQRH4J15AGSM60249); it will be imported as a stock dispatch against the physical vehicle only — no Customer, Booking, Sales Order or Seller will be created."
"dispatch","Sheet1","239","260200075","DISPATCH_WITHOUT_SALES_ORDER","pboNo","NCLH30000409","Dispatch 260200075 has no matching Sales Order (searched by PBO NCLH30000409, order 251100082, invoice 900001785, chassis MCCJY7PRMTN101659, engine SQRH4J15AGSL60933); it will be imported as a stock dispatch against the physical vehicle only — no Customer, Booking, Sales Order or Seller will be created."
"dispatch","Sheet1","240","260200076","DISPATCH_WITHOUT_SALES_ORDER","pboNo","NCLH30000559","Dispatch 260200076 has no matching Sales Order (searched by PBO NCLH30000559, order 251100230, invoice 900001786, chassis MCCJY7PRMTN101758, engine SQRH4J15AGSM60519); it will be imported as a stock dispatch against the physical vehicle only — no Customer, Booking, Sales Order or Seller will be created."
"dispatch","Sheet1","241","260200077","DISPATCH_WITHOUT_SALES_ORDER","pboNo","NCLH30000419","Dispatch 260200077 has no matching Sales Order (searched by PBO NCLH30000419, order 251100092, invoice 900001813, chassis MCCJY7PRMTN101692, engine SQRH4J15AGSL60906); it will be imported as a stock dispatch against the physical vehicle only — no Customer, Booking, Sales Order or Seller will be created."
"dispatch","Sheet1","242","260200078","DISPATCH_WITHOUT_SALES_ORDER","pboNo","NCLH30000374","Dispatch 260200078 has no matching Sales Order (searched by PBO NCLH30000374, order 251100051, invoice 900001814, chassis MCCJY7PRMTN101669, engine SQRH4J15AGSM60195); it will be imported as a stock dispatch against the physical vehicle only — no Customer, Booking, Sales Order or Seller will be created."
"dispatch","Sheet1","243","260200079","DISPATCH_WITHOUT_SALES_ORDER","pboNo","NCLH30000378","Dispatch 260200079 has no matching Sales Order (searched by PBO NCLH30000378, order 251100053, invoice 900001815, chassis MCCJY7PRMTN101674, engine SQRH4J15AGSM60120); it will be imported as a stock dispatch against the physical vehicle only — no Customer, Booking, Sales Order or Seller will be created."
"dispatch","Sheet1","244","260200080","DISPATCH_WITHOUT_SALES_ORDER","pboNo","NCLH30000362","Dispatch 260200080 has no matching Sales Order (searched by PBO NCLH30000362, order 251100043, invoice 900001816, chassis MCCJY7PRMTN101579, engine SQRH4J15AGSM00005); it will be imported as a stock dispatch against the physical vehicle only — no Customer, Booking, Sales Order or Seller will be created."
"dispatch","Sheet1","245","260200081","DISPATCH_WITHOUT_SALES_ORDER","pboNo","NCLH30000404","Dispatch 260200081 has no matching Sales Order (searched by PBO NCLH30000404, order 251100077, invoice 900001817, chassis MCCJY7PRMTN101796, engine SQRH4J15AGSL60667); it will be imported as a stock dispatch against the physical vehicle only — no Customer, Booking, Sales Order or Seller will be created."
"dispatch","Sheet1","246","260200083","DISPATCH_WITHOUT_SALES_ORDER","pboNo","NCLH30000418","Dispatch 260200083 has no matching Sales Order (searched by PBO NCLH30000418, order 251100091, invoice 900001855, chassis MCCJY7PRMTN101797, engine SQRH4J15AGSM60236); it will be imported as a stock dispatch against the physical vehicle only — no Customer, Booking, Sales Order or Seller will be created."
"dispatch","Sheet1","247","260200088","DISPATCH_WITHOUT_SALES_ORDER","pboNo","NCLH30000551","Dispatch 260200088 has no matching Sales Order (searched by PBO NCLH30000551, order 251100222, invoice 900001880, chassis MCCJY7PRMTN101762, engine SQRH4J15AGSM60509); it will be imported as a stock dispatch against the physical vehicle only — no Customer, Booking, Sales Order or Seller will be created."
"dispatch","Sheet1","248","260200123","DISPATCH_WITHOUT_SALES_ORDER","pboNo","NCLH30000416","Dispatch 260200123 has no matching Sales Order (searched by PBO NCLH30000416, order 251100089, invoice 900002250, chassis MCCJY7PRMTN101862, engine SQRH4J15AGSL60864); it will be imported as a stock dispatch against the physical vehicle only — no Customer, Booking, Sales Order or Seller will be created."
"dispatch","Sheet1","249","260200124","DISPATCH_WITHOUT_SALES_ORDER","pboNo","NCLH30000432","Dispatch 260200124 has no matching Sales Order (searched by PBO NCLH30000432, order 251100105, invoice 900002278, chassis MCCJY7PRMTN101745, engine SQRH4J15AGSM60231); it will be imported as a stock dispatch against the physical vehicle only — no Customer, Booking, Sales Order or Seller will be created."
"dispatch","Sheet1","250","260200069","DISPATCH_WITHOUT_SALES_ORDER","pboNo","","Dispatch 260200069 has no matching Sales Order (searched by chassis LNNBBDBN5SD907315, engine 112AA5AAPDSJ10517); it will be imported as a stock dispatch against the physical vehicle only — no Customer, Booking, Sales Order or Seller will be created."
"dispatch","Sheet1","251","260200070","DISPATCH_WITHOUT_SALES_ORDER","pboNo","NCLH30000361","Dispatch 260200070 has no matching Sales Order (searched by PBO NCLH30000361, order 251100042, invoice 900001802, chassis MCCJY7PRMTN101844, engine SQRH4J15AGSM60116); it will be imported as a stock dispatch against the physical vehicle only — no Customer, Booking, Sales Order or Seller will be created."
"dispatch","Sheet1","252","260200071","DISPATCH_WITHOUT_SALES_ORDER","pboNo","NCLH30000434","Dispatch 260200071 has no matching Sales Order (searched by PBO NCLH30000434, order 251100107, invoice 900001806, chassis MCCJY7PRMTN101846, engine SQRH4J15AGSM60022); it will be imported as a stock dispatch against the physical vehicle only — no Customer, Booking, Sales Order or Seller will be created."
"dispatch","Sheet1","253","260200072","DISPATCH_WITHOUT_SALES_ORDER","pboNo","NCLH30000429","Dispatch 260200072 has no matching Sales Order (searched by PBO NCLH30000429, order 251100102, invoice 900001805, chassis MCCJY7PRMTN101804, engine SQRH4J15AGSM60127); it will be imported as a stock dispatch against the physical vehicle only — no Customer, Booking, Sales Order or Seller will be created."
"dispatch","Sheet1","254","260200073","DISPATCH_WITHOUT_SALES_ORDER","pboNo","NCLH30000380","Dispatch 260200073 has no matching Sales Order (searched by PBO NCLH30000380, order 251100054, invoice 900001803, chassis MCCJY7PRMTN101838, engine SQRH4J15AGSM60188); it will be imported as a stock dispatch against the physical vehicle only — no Customer, Booking, Sales Order or Seller will be created."
"dispatch","Sheet1","255","260200074","DISPATCH_WITHOUT_SALES_ORDER","pboNo","NCLH30000423","Dispatch 260200074 has no matching Sales Order (searched by PBO NCLH30000423, order 251100096, invoice 900001804, chassis MCCJY7PRMTN101803, engine SQRH4J15AGSL60681); it will be imported as a stock dispatch against the physical vehicle only — no Customer, Booking, Sales Order or Seller will be created."
"dispatch","Sheet1","256","260200082","DISPATCH_WITHOUT_SALES_ORDER","pboNo","NCLH30000476","Dispatch 260200082 has no matching Sales Order (searched by PBO NCLH30000476, order 251100149, invoice 900001856, chassis MCCJY7PRMTN101438, engine SQRH4J15AGSM60030); it will be imported as a stock dispatch against the physical vehicle only — no Customer, Booking, Sales Order or Seller will be created."
"dispatch","Sheet1","257","260200089","DISPATCH_WITHOUT_SALES_ORDER","pboNo","NCLH30000438","Dispatch 260200089 has no matching Sales Order (searched by PBO NCLH30000438, order 251100111, invoice 900001881, chassis MCCJY7PRMTN101848, engine SQRH4J15AGSM60235); it will be imported as a stock dispatch against the physical vehicle only — no Customer, Booking, Sales Order or Seller will be created."
"dispatch","Sheet1","258","260300008","DISPATCH_WITHOUT_SALES_ORDER","pboNo","NCLH30000435","Dispatch 260300008 has no matching Sales Order (searched by PBO NCLH30000435, order 251100108, invoice 900002987, chassis MCCJY7PRMTN101808, engine SQRH4J15AGSM60211); it will be imported as a stock dispatch against the physical vehicle only — no Customer, Booking, Sales Order or Seller will be created."
"dispatch","Sheet1","259","260200084","DISPATCH_WITHOUT_SALES_ORDER","pboNo","NCLH30000396","Dispatch 260200084 has no matching Sales Order (searched by PBO NCLH30000396, order 251100069, invoice 900001882, chassis MCCJY7PRMTN101661, engine SQRH4J15AGSM60201); it will be imported as a stock dispatch against the physical vehicle only — no Customer, Booking, Sales Order or Seller will be created."
"dispatch","Sheet1","260","260200085","DISPATCH_WITHOUT_SALES_ORDER","pboNo","NCLH30000403","Dispatch 260200085 has no matching Sales Order (searched by PBO NCLH30000403, order 251100076, invoice 900001883, chassis MCCJY7PRMTN101884, engine SQRH4J15AGSM60316); it will be imported as a stock dispatch against the physical vehicle only — no Customer, Booking, Sales Order or Seller will be created."
"dispatch","Sheet1","261","260200086","DISPATCH_WITHOUT_SALES_ORDER","pboNo","NCLH30000413","Dispatch 260200086 has no matching Sales Order (searched by PBO NCLH30000413, order 251100086, invoice 900001884, chassis MCCJY7PRMTN101843, engine SQRH4J15AGSM60239); it will be imported as a stock dispatch against the physical vehicle only — no Customer, Booking, Sales Order or Seller will be created."
"dispatch","Sheet1","262","260200087","DISPATCH_WITHOUT_SALES_ORDER","pboNo","NCLH30000597","Dispatch 260200087 has no matching Sales Order (searched by PBO NCLH30000597, order 251100267, invoice 900001885, chassis MCCJY7PRMTN101755, engine SQRH4J15AGSM60518); it will be imported as a stock dispatch against the physical vehicle only — no Customer, Booking, Sales Order or Seller will be created."
"dispatch","Sheet1","263","260200103","DISPATCH_WITHOUT_SALES_ORDER","pboNo","NCLH30000443","Dispatch 260200103 has no matching Sales Order (searched by PBO NCLH30000443, order 251100116, invoice 900002030, chassis MCCJY7PRMTN101612, engine SQRH4J15AGSL60685); it will be imported as a stock dispatch against the physical vehicle only — no Customer, Booking, Sales Order or Seller will be created."
"dispatch","Sheet1","264","260200110","DISPATCH_WITHOUT_SALES_ORDER","pboNo","NCLH30000474","Dispatch 260200110 has no matching Sales Order (searched by PBO NCLH30000474, order 251100147, invoice 900002148, chassis MCCJY7PRMTN101646, engine SQRH4J15AGSM60262); it will be imported as a stock dispatch against the physical vehicle only — no Customer, Booking, Sales Order or Seller will be created."
"dispatch","Sheet1","265","260200090","DISPATCH_WITHOUT_SALES_ORDER","pboNo","NCLH30000436","Dispatch 260200090 has no matching Sales Order (searched by PBO NCLH30000436, order 251100109, invoice 900001914, chassis MCCJY7PRMTN101983, engine SQRH4J15AGSL60996); it will be imported as a stock dispatch against the physical vehicle only — no Customer, Booking, Sales Order or Seller will be created."
"dispatch","Sheet1","266","260200091","DISPATCH_WITHOUT_SALES_ORDER","pboNo","NCLH30000440","Dispatch 260200091 has no matching Sales Order (searched by PBO NCLH30000440, order 251100113, invoice 900001915, chassis MCCJY7PRMTN102007, engine SQRH4J15AGSM60112); it will be imported as a stock dispatch against the physical vehicle only — no Customer, Booking, Sales Order or Seller will be created."
"dispatch","Sheet1","267","260200092","DISPATCH_WITHOUT_SALES_ORDER","pboNo","NCLH30000445","Dispatch 260200092 has no matching Sales Order (searched by PBO NCLH30000445, order 251100118, invoice 900001916, chassis MCCJY7PRMTN102009, engine SQRH4J15AGSM60925); it will be imported as a stock dispatch against the physical vehicle only — no Customer, Booking, Sales Order or Seller will be created."
"dispatch","Sheet1","268","260200093","DISPATCH_WITHOUT_SALES_ORDER","pboNo","NCLH30000452","Dispatch 260200093 has no matching Sales Order (searched by PBO NCLH30000452, order 251100125, invoice 900001917, chassis MCCJY7PRMTN101982, engine SQRH4J15AGSM60363); it will be imported as a stock dispatch against the physical vehicle only — no Customer, Booking, Sales Order or Seller will be created."
"dispatch","Sheet1","269","260200094","DISPATCH_WITHOUT_SALES_ORDER","pboNo","NCLH30000453","Dispatch 260200094 has no matching Sales Order (searched by PBO NCLH30000453, order 251100126, invoice 900001918, chassis MCCJY7PRMTN101981, engine SQRH4J15AGSM60351); it will be imported as a stock dispatch against the physical vehicle only — no Customer, Booking, Sales Order or Seller will be created."
"dispatch","Sheet1","270","260200095","DISPATCH_WITHOUT_SALES_ORDER","pboNo","NCLH30000454","Dispatch 260200095 has no matching Sales Order (searched by PBO NCLH30000454, order 251100127, invoice 900001919, chassis MCCJY7PRMTN102013, engine SQRH4J15AGSM60109); it will be imported as a stock dispatch against the physical vehicle only — no Customer, Booking, Sales Order or Seller will be created."
"dispatch","Sheet1","271","260200096","DISPATCH_WITHOUT_SALES_ORDER","pboNo","NCLH30000496","Dispatch 260200096 has no matching Sales Order (searched by PBO NCLH30000496, order 251100169, invoice 900001934, chassis MCCJY7PRMTN101977, engine SQRH4J15AGSM61185); it will be imported as a stock dispatch against the physical vehicle only — no Customer, Booking, Sales Order or Seller will be created."
"dispatch","Sheet1","272","260200098","DISPATCH_WITHOUT_SALES_ORDER","pboNo","NCLH30000455","Dispatch 260200098 has no matching Sales Order (searched by PBO NCLH30000455, order 251100128, invoice 900002018, chassis MCCJY7PRMTN102016, engine SQRH4J15AGSM60012); it will be imported as a stock dispatch against the physical vehicle only — no Customer, Booking, Sales Order or Seller will be created."
"dispatch","Sheet1","273","260200099","DISPATCH_WITHOUT_SALES_ORDER","pboNo","NCLH30000464","Dispatch 260200099 has no matching Sales Order (searched by PBO NCLH30000464, order 251100137, invoice 900002019, chassis MCCJY7PRMTN102021, engine SQRH4J15AGSM60634); it will be imported as a stock dispatch against the physical vehicle only — no Customer, Booking, Sales Order or Seller will be created."
"dispatch","Sheet1","274","260200100","DISPATCH_WITHOUT_SALES_ORDER","pboNo","NCLH30000469","Dispatch 260200100 has no matching Sales Order (searched by PBO NCLH30000469, order 251100142, invoice 900002020, chassis MCCJY7PRMTN102023, engine SQRH4J15AGSM60005); it will be imported as a stock dispatch against the physical vehicle only — no Customer, Booking, Sales Order or Seller will be created."
"dispatch","Sheet1","275","260200104","DISPATCH_WITHOUT_SALES_ORDER","pboNo","NCLH30000489","Dispatch 260200104 has no matching Sales Order (searched by PBO NCLH30000489, order 251100162, invoice 900002039, chassis MCCJY7PRMTN101978, engine SQRH4J15AGSM60360); it will be imported as a stock dispatch against the physical vehicle only — no Customer, Booking, Sales Order or Seller will be created."
"dispatch","Sheet1","276","260200105","DISPATCH_WITHOUT_SALES_ORDER","pboNo","NCLH30000549","Dispatch 260200105 has no matching Sales Order (searched by PBO NCLH30000549, order 251100220, invoice 900002040, chassis MCCJY7PRMTN102025, engine SQRH4J15AGSM60630); it will be imported as a stock dispatch against the physical vehicle only — no Customer, Booking, Sales Order or Seller will be created."
"dispatch","Sheet1","277","260200097","DISPATCH_WITHOUT_SALES_ORDER","pboNo","NCLH30000499","Dispatch 260200097 has no matching Sales Order (searched by PBO NCLH30000499, order 251100172, invoice 900001994, chassis MCCJY7PRMTN102118, engine SQRH4J15AGSM60758); it will be imported as a stock dispatch against the physical vehicle only — no Customer, Booking, Sales Order or Seller will be created."
"dispatch","Sheet1","278","260200106","DISPATCH_WITHOUT_SALES_ORDER","pboNo","NCLH30000521","Dispatch 260200106 has no matching Sales Order (searched by PBO NCLH30000521, order 251100193, invoice 900002041, chassis MCCJY7PRMTN101927, engine SQRH4J15AGSM60499); it will be imported as a stock dispatch against the physical vehicle only — no Customer, Booking, Sales Order or Seller will be created."
"dispatch","Sheet1","279","260200107","DISPATCH_WITHOUT_SALES_ORDER","pboNo","NCLH30000576","Dispatch 260200107 has no matching Sales Order (searched by PBO NCLH30000576, order 251100247, invoice 900002042, chassis MCCJY7PRMTN101962, engine SQRH4J15AGSM60431); it will be imported as a stock dispatch against the physical vehicle only — no Customer, Booking, Sales Order or Seller will be created."
"dispatch","Sheet1","280","260200108","DISPATCH_WITHOUT_SALES_ORDER","pboNo","NCLH30000575","Dispatch 260200108 has no matching Sales Order (searched by PBO NCLH30000575, order 251100246, invoice 900002043, chassis MCCJY7PRMTN101975, engine SQRH4J15AGSM60572); it will be imported as a stock dispatch against the physical vehicle only — no Customer, Booking, Sales Order or Seller will be created."
"dispatch","Sheet1","281","260200109","DISPATCH_WITHOUT_SALES_ORDER","pboNo","NCLH30000569","Dispatch 260200109 has no matching Sales Order (searched by PBO NCLH30000569, order 251100240, invoice 900002044, chassis MCCJY7PRMTN101964, engine SQRH4J15AGSM60967); it will be imported as a stock dispatch against the physical vehicle only — no Customer, Booking, Sales Order or Seller will be created."
"dispatch","Sheet1","282","260200111","DISPATCH_WITHOUT_SALES_ORDER","pboNo","NCLH30000556","Dispatch 260200111 has no matching Sales Order (searched by PBO NCLH30000556, order 251100227, invoice 900002215, chassis MCCJY7PRMTN102050, engine SQRH4J15AGSM60828); it will be imported as a stock dispatch against the physical vehicle only — no Customer, Booking, Sales Order or Seller will be created."
"dispatch","Sheet1","283","260200112","DISPATCH_WITHOUT_SALES_ORDER","pboNo","NCLH30000550","Dispatch 260200112 has no matching Sales Order (searched by PBO NCLH30000550, order 251100221, invoice 900002216, chassis MCCJY7PRMTN102052, engine SQRH4J15AGSM60553); it will be imported as a stock dispatch against the physical vehicle only — no Customer, Booking, Sales Order or Seller will be created."
"dispatch","Sheet1","284","260200113","DISPATCH_WITHOUT_SALES_ORDER","pboNo","NCLH30000547","Dispatch 260200113 has no matching Sales Order (searched by PBO NCLH30000547, order 251100218, invoice 900002217, chassis MCCJY7PRMTN102056, engine SQRH4J15AGSM60687); it will be imported as a stock dispatch against the physical vehicle only — no Customer, Booking, Sales Order or Seller will be created."
"dispatch","Sheet1","285","260200114","DISPATCH_WITHOUT_SALES_ORDER","pboNo","NCLH30000481","Dispatch 260200114 has no matching Sales Order (searched by PBO NCLH30000481, order 251100154, invoice 900002218, chassis MCCJY7PRMTN102061, engine SQRH4J15AGSM60842); it will be imported as a stock dispatch against the physical vehicle only — no Customer, Booking, Sales Order or Seller will be created."
"dispatch","Sheet1","286","260200115","DISPATCH_WITHOUT_SALES_ORDER","pboNo","NCLH30000487","Dispatch 260200115 has no matching Sales Order (searched by PBO NCLH30000487, order 251100160, invoice 900002219, chassis MCCJY7PRMTN101676, engine SQRH4J15AGSM60219); it will be imported as a stock dispatch against the physical vehicle only — no Customer, Booking, Sales Order or Seller will be created."
"dispatch","Sheet1","287","260200116","DISPATCH_WITHOUT_SALES_ORDER","pboNo","NCLH30000466","Dispatch 260200116 has no matching Sales Order (searched by PBO NCLH30000466, order 251100139, invoice 900002220, chassis MCCJY7PRMTN102108, engine SQRH4J15AGSM60548); it will be imported as a stock dispatch against the physical vehicle only — no Customer, Booking, Sales Order or Seller will be created."
"dispatch","Sheet1","288","260200117","DISPATCH_WITHOUT_SALES_ORDER","pboNo","NCLH30000501","Dispatch 260200117 has no matching Sales Order (searched by PBO NCLH30000501, order 251100174, invoice 900002245, chassis MCCJY7PRMTN102130, engine SQRH4J15AGSM60563); it will be imported as a stock dispatch against the physical vehicle only — no Customer, Booking, Sales Order or Seller will be created."
"dispatch","Sheet1","289","260200118","DISPATCH_WITHOUT_SALES_ORDER","pboNo","NCLH30000568","Dispatch 260200118 has no matching Sales Order (searched by PBO NCLH30000568, order 251100239, invoice 900002244, chassis MCCJY7PRMTN101976, engine SQRH4J15AGSM60428); it will be imported as a stock dispatch against the physical vehicle only — no Customer, Booking, Sales Order or Seller will be created."
"dispatch","Sheet1","290","260200119","DISPATCH_WITHOUT_SALES_ORDER","pboNo","NCLH30000498","Dispatch 260200119 has no matching Sales Order (searched by PBO NCLH30000498, order 251100171, invoice 900002246, chassis MCCJY7PRMTN102119, engine SQRH4J15AGSM60437); it will be imported as a stock dispatch against the physical vehicle only — no Customer, Booking, Sales Order or Seller will be created."
"dispatch","Sheet1","291","260200128","DISPATCH_WITHOUT_SALES_ORDER","pboNo","NCLH30000510","Dispatch 260200128 has no matching Sales Order (searched by PBO NCLH30000510, order 251100183, invoice 900002304, chassis MCCJY7PRMTN102102, engine SQRH4J15AGSM61256); it will be imported as a stock dispatch against the physical vehicle only — no Customer, Booking, Sales Order or Seller will be created."
"dispatch","Sheet1","292","260200101","DISPATCH_WITHOUT_SALES_ORDER","pboNo","NCLH30000485","Dispatch 260200101 has no matching Sales Order (searched by PBO NCLH30000485, order 251100158, invoice 900002021, chassis MCCJY7PRMTN101979, engine SQRH4J15AGSM60059); it will be imported as a stock dispatch against the physical vehicle only — no Customer, Booking, Sales Order or Seller will be created."
"dispatch","Sheet1","298","260200127","DISPATCH_WITHOUT_SALES_ORDER","pboNo","NCLH30000232","Dispatch 260200127 has no matching Sales Order (searched by PBO NCLH30000232, order 251000107, invoice 900002290, chassis MCCJY7PRMTN101864, engine SQRH4J15AGSL60855); it will be imported as a stock dispatch against the physical vehicle only — no Customer, Booking, Sales Order or Seller will be created."
"dispatch","Sheet1","299","260200129","DISPATCH_WITHOUT_SALES_ORDER","pboNo","NCLH30000139","Dispatch 260200129 has no matching Sales Order (searched by PBO NCLH30000139, order 251000043, invoice 900002305, chassis MCCJY7PRMTN102188, engine SQRH4J15AGSM60486); it will be imported as a stock dispatch against the physical vehicle only — no Customer, Booking, Sales Order or Seller will be created."
"dispatch","Sheet1","300","260200130","DISPATCH_WITHOUT_SALES_ORDER","pboNo","NCLH30000572","Dispatch 260200130 has no matching Sales Order (searched by PBO NCLH30000572, order 251100243, invoice 900002306, chassis MCCJY7PRMTN102065, engine SQRH4J15AGSM60830); it will be imported as a stock dispatch against the physical vehicle only — no Customer, Booking, Sales Order or Seller will be created."
"dispatch","Sheet1","302","260200132","DISPATCH_WITHOUT_SALES_ORDER","pboNo","NCLH30000240","Dispatch 260200132 has no matching Sales Order (searched by PBO NCLH30000240, order 251000115, invoice 900002308, chassis MCCJY7PRMTN102159, engine SQRH4J15AGSM61047); it will be imported as a stock dispatch against the physical vehicle only — no Customer, Booking, Sales Order or Seller will be created."
"dispatch","Sheet1","303","260300007","DISPATCH_WITHOUT_SALES_ORDER","pboNo","NCLH30000461","Dispatch 260300007 has no matching Sales Order (searched by PBO NCLH30000461, order 251100134, chassis MCCJY7PRMTN101980, engine SQRH4J15AGSM60833); it will be imported as a stock dispatch against the physical vehicle only — no Customer, Booking, Sales Order or Seller will be created."
"dispatch","Sheet1","304","260200133","DISPATCH_WITHOUT_SALES_ORDER","pboNo","NCLH30000425","Dispatch 260200133 has no matching Sales Order (searched by PBO NCLH30000425, order 251100098, invoice 900002316, chassis MCCJY7PRMTN101833, engine SQRH4J15AGSM60035); it will be imported as a stock dispatch against the physical vehicle only — no Customer, Booking, Sales Order or Seller will be created."
"dispatch","Sheet1","305","260200134","DISPATCH_WITHOUT_SALES_ORDER","pboNo","NCLH30000333","Dispatch 260200134 has no matching Sales Order (searched by PBO NCLH30000333, order 251100024, invoice 900002317, chassis MCCJY7PRMTN101778, engine SQRH4J15AGSM60250); it will be imported as a stock dispatch against the physical vehicle only — no Customer, Booking, Sales Order or Seller will be created."
"dispatch","Sheet1","306","260200135","DISPATCH_WITHOUT_SALES_ORDER","pboNo","NCLH30000321","Dispatch 260200135 has no matching Sales Order (searched by PBO NCLH30000321, order 251100018, invoice 900002318, chassis MCCJY7PRMTN101906, engine SQRH4J15AGSM60289); it will be imported as a stock dispatch against the physical vehicle only — no Customer, Booking, Sales Order or Seller will be created."
"dispatch","Sheet1","308","260200137","DISPATCH_WITHOUT_SALES_ORDER","pboNo","NCLH30000228","Dispatch 260200137 has no matching Sales Order (searched by PBO NCLH30000228, order 251000103, invoice 900002359, chassis MCCJY7PRMTN102236, engine SQRH4J15AGSM60375); it will be imported as a stock dispatch against the physical vehicle only — no Customer, Booking, Sales Order or Seller will be created."
"dispatch","Sheet1","309","260200138","DISPATCH_WITHOUT_SALES_ORDER","pboNo","NCLH30000385","Dispatch 260200138 has no matching Sales Order (searched by PBO NCLH30000385, order 251100059, invoice 900002368, chassis MCCJY7PRMTN102247, engine SQRH4J15AGSM61098); it will be imported as a stock dispatch against the physical vehicle only — no Customer, Booking, Sales Order or Seller will be created."
"dispatch","Sheet1","310","260200139","DISPATCH_WITHOUT_SALES_ORDER","pboNo","NCLH30000490","Dispatch 260200139 has no matching Sales Order (searched by PBO NCLH30000490, order 251100163, invoice 900002376, chassis MCCJY7PRMTN102263, engine SQRH4J15AGSM60676); it will be imported as a stock dispatch against the physical vehicle only — no Customer, Booking, Sales Order or Seller will be created."
"dispatch","Sheet1","311","260200140","DISPATCH_WITHOUT_SALES_ORDER","pboNo","NCLH30000381","Dispatch 260200140 has no matching Sales Order (searched by PBO NCLH30000381, order 251100055, invoice 900002384, chassis MCCJY7PRMTN102280, engine SQRH4J15AGSM60867); it will be imported as a stock dispatch against the physical vehicle only — no Customer, Booking, Sales Order or Seller will be created."
"dispatch","Sheet1","312","260200141","DISPATCH_WITHOUT_SALES_ORDER","pboNo","NCLH30000628","Dispatch 260200141 has no matching Sales Order (searched by PBO NCLH30000628, order 251200013, invoice 900002414, chassis MCCJY7PRMTN102397, engine SQRH4J15AGSM60399); it will be imported as a stock dispatch against the physical vehicle only — no Customer, Booking, Sales Order or Seller will be created."
"dispatch","Sheet1","313","260200142","DISPATCH_WITHOUT_SALES_ORDER","pboNo","NCLH30000451","Dispatch 260200142 has no matching Sales Order (searched by PBO NCLH30000451, order 251100124, invoice 900002415, chassis MCCJY7PRMTN102400, engine SQRH4J15AGSM60404); it will be imported as a stock dispatch against the physical vehicle only — no Customer, Booking, Sales Order or Seller will be created."
"dispatch","Sheet1","315","260300002","DISPATCH_WITHOUT_SALES_ORDER","pboNo","NCLH30000625","Dispatch 260300002 has no matching Sales Order (searched by PBO NCLH30000625, order 251200010, invoice 900004132, chassis MCCJY7PRMTN102398, engine SQRH4J15AGSM60366); it will be imported as a stock dispatch against the physical vehicle only — no Customer, Booking, Sales Order or Seller will be created."
"dispatch","Sheet1","316","260300003","DISPATCH_WITHOUT_SALES_ORDER","pboNo","NCLH30000515","Dispatch 260300003 has no matching Sales Order (searched by PBO NCLH30000515, order 251100187, invoice 900003180, chassis MCCJY7PRMTN102399, engine SQRH4J15AGSM61339); it will be imported as a stock dispatch against the physical vehicle only — no Customer, Booking, Sales Order or Seller will be created."
"dispatch","Sheet1","317","260300033","DISPATCH_WITHOUT_SALES_ORDER","pboNo","NCLH30000411","Dispatch 260300033 has no matching Sales Order (searched by PBO NCLH30000411, order 251100084, invoice 900002653, chassis MCCJY7PRMTN102175, engine SQRH4J15AGSM61023); it will be imported as a stock dispatch against the physical vehicle only — no Customer, Booking, Sales Order or Seller will be created."
"dispatch","Sheet1","324","260300012","DISPATCH_WITHOUT_SALES_ORDER","pboNo","NCLH30000304","Dispatch 260300012 has no matching Sales Order (searched by PBO NCLH30000304, order 251100007, invoice 900002525, chassis MCCJY7PRMTN100699, engine SQRH4J15AGSL60822); it will be imported as a stock dispatch against the physical vehicle only — no Customer, Booking, Sales Order or Seller will be created."
"dispatch","Sheet1","325","260300018","DISPATCH_WITHOUT_SALES_ORDER","pboNo","NCLH30000543","Dispatch 260300018 has no matching Sales Order (searched by PBO NCLH30000543, order 251100215, invoice 900002575, chassis MCCJY7PRMTN102219, engine SQRH4J15AGSM61343); it will be imported as a stock dispatch against the physical vehicle only — no Customer, Booking, Sales Order or Seller will be created."
"dispatch","Sheet1","326","260300019","DISPATCH_WITHOUT_SALES_ORDER","pboNo","NCLH30000522","Dispatch 260300019 has no matching Sales Order (searched by PBO NCLH30000522, order 251100194, invoice 900002576, chassis MCCJY7PRMTN101810, engine SQRH4J15AGSM60122); it will be imported as a stock dispatch against the physical vehicle only — no Customer, Booking, Sales Order or Seller will be created."
"dispatch","Sheet1","328","260300013","DISPATCH_WITHOUT_SALES_ORDER","pboNo","NCLH30000472","Dispatch 260300013 has no matching Sales Order (searched by PBO NCLH30000472, order 251100145, invoice 900002540, chassis MCCJY7PRMTN102215, engine SQRH4J15AGSM61199); it will be imported as a stock dispatch against the physical vehicle only — no Customer, Booking, Sales Order or Seller will be created."
"dispatch","Sheet1","334","260300022","DISPATCH_WITHOUT_SALES_ORDER","pboNo","NCLH30000410","Dispatch 260300022 has no matching Sales Order (searched by PBO NCLH30000410, order 251100083, invoice 900002583, chassis MCCJY7PRMTN102199, engine SQRH4J15AGSM60481); it will be imported as a stock dispatch against the physical vehicle only — no Customer, Booking, Sales Order or Seller will be created."
"dispatch","Sheet1","336","260300024","DISPATCH_WITHOUT_SALES_ORDER","pboNo","NCLH30000494","Dispatch 260300024 has no matching Sales Order (searched by PBO NCLH30000494, order 251100167, invoice 900002587, chassis MCCJY7PRMTN102251, engine SQRH4J15AGSM60858); it will be imported as a stock dispatch against the physical vehicle only — no Customer, Booking, Sales Order or Seller will be created."
"dispatch","Sheet1","337","260300025","DISPATCH_WITHOUT_SALES_ORDER","pboNo","NCLH30000346","Dispatch 260300025 has no matching Sales Order (searched by PBO NCLH30000346, order 251100033, invoice 900002586, chassis MCCJY7PRMTN102113, engine SQRH4J15AGSM60539); it will be imported as a stock dispatch against the physical vehicle only — no Customer, Booking, Sales Order or Seller will be created."
"dispatch","Sheet1","338","260300026","DISPATCH_WITHOUT_SALES_ORDER","pboNo","NCLH30000564","Dispatch 260300026 has no matching Sales Order (searched by PBO NCLH30000564, order 251100235, invoice 900002588, chassis MCCJY7PRMTN102299, engine SQRH4J15AGSM60704); it will be imported as a stock dispatch against the physical vehicle only — no Customer, Booking, Sales Order or Seller will be created."
"dispatch","Sheet1","342","260300042","DISPATCH_WITHOUT_SALES_ORDER","pboNo","NCLH30000405","Dispatch 260300042 has no matching Sales Order (searched by PBO NCLH30000405, order 251100078, invoice 900002747, chassis MCCJY7PRMTN102296, engine SQRH4J15AGSM61312); it will be imported as a stock dispatch against the physical vehicle only — no Customer, Booking, Sales Order or Seller will be created."
"dispatch","Sheet1","343","260300167","DISPATCH_WITHOUT_SALES_ORDER","pboNo","NCLH30000509","Dispatch 260300167 has no matching Sales Order (searched by PBO NCLH30000509, order 251100182, invoice 900003595, chassis MCCJY7PRMTN102354, engine SQRH4J15AGSM60380); it will be imported as a stock dispatch against the physical vehicle only — no Customer, Booking, Sales Order or Seller will be created."
"dispatch","Sheet1","344","260300168","DISPATCH_WITHOUT_SALES_ORDER","pboNo","NCLH30000408","Dispatch 260300168 has no matching Sales Order (searched by PBO NCLH30000408, order 251100081, invoice 900003596, chassis MCCJY7PRMTN102336, engine SQRH4J15AGSM61319); it will be imported as a stock dispatch against the physical vehicle only — no Customer, Booking, Sales Order or Seller will be created."
"dispatch","Sheet1","354","260300095","DISPATCH_WITHOUT_SALES_ORDER","pboNo","NCLH30000635","Dispatch 260300095 has no matching Sales Order (searched by PBO NCLH30000635, order 251200020, invoice 900003112, chassis MCCJY7PRMTN102363, engine SQRH4J15AGSM60881); it will be imported as a stock dispatch against the physical vehicle only — no Customer, Booking, Sales Order or Seller will be created."
"dispatch","Sheet1","355","260200065","DISPATCH_WITHOUT_SALES_ORDER","pboNo","NCLH30000530","Dispatch 260200065 has no matching Sales Order (searched by PBO NCLH30000530, order 251100202, invoice 900002669, chassis MCCJY7PRMTN101731, engine SQRH4J15AGSL60722); it will be imported as a stock dispatch against the physical vehicle only — no Customer, Booking, Sales Order or Seller will be created."
"dispatch","Sheet1","361","260300048","DISPATCH_WITHOUT_SALES_ORDER","pboNo","NCLH30000280","Dispatch 260300048 has no matching Sales Order (searched by PBO NCLH30000280, order 251000149, invoice 900002874, chassis MCCJY7PRMTN102168, engine SQRH4J15AGSM60577); it will be imported as a stock dispatch against the physical vehicle only — no Customer, Booking, Sales Order or Seller will be created."
"dispatch","Sheet1","364","260300108","DISPATCH_WITHOUT_SALES_ORDER","pboNo","NCLH30000641","Dispatch 260300108 has no matching Sales Order (searched by PBO NCLH30000641, order 251200026, invoice 900003198, chassis MCCJY7PRMTN102382, engine SQRH4J15AGSM61334); it will be imported as a stock dispatch against the physical vehicle only — no Customer, Booking, Sales Order or Seller will be created."
"dispatch","Sheet1","367","260300120","DISPATCH_WITHOUT_SALES_ORDER","pboNo","NCLH30000536","Dispatch 260300120 has no matching Sales Order (searched by PBO NCLH30000536, order 251100208, invoice 900003283, chassis MCCJY7PRMTN102331, engine SQRH4J15AGSM60735); it will be imported as a stock dispatch against the physical vehicle only — no Customer, Booking, Sales Order or Seller will be created."
"dispatch","Sheet1","371","260300169","DISPATCH_WITHOUT_SALES_ORDER","pboNo","NCLH30000491","Dispatch 260300169 has no matching Sales Order (searched by PBO NCLH30000491, order 251100164, invoice 900003597, chassis MCCJY7PRMTN102091, engine SQRH4J15AGSM60749); it will be imported as a stock dispatch against the physical vehicle only — no Customer, Booking, Sales Order or Seller will be created."
"dispatch","Sheet1","386","260300062","DISPATCH_WITHOUT_SALES_ORDER","pboNo","NCLH30000482","Dispatch 260300062 has no matching Sales Order (searched by PBO NCLH30000482, order 251100155, invoice 900002978, chassis MCCJY7PRMTN102469, engine SQRH4J15AGTA60027); it will be imported as a stock dispatch against the physical vehicle only — no Customer, Booking, Sales Order or Seller will be created."
"dispatch","Sheet1","387","260300064","DISPATCH_WITHOUT_SALES_ORDER","pboNo","NCLH30000450","Dispatch 260300064 has no matching Sales Order (searched by PBO NCLH30000450, order 251100123, invoice 900003005, chassis MCCJY7PRMTN102410, engine SQRH4J15AGSM61056); it will be imported as a stock dispatch against the physical vehicle only — no Customer, Booking, Sales Order or Seller will be created."
"dispatch","Sheet1","388","260300065","DISPATCH_WITHOUT_SALES_ORDER","pboNo","NCLH30000484","Dispatch 260300065 has no matching Sales Order (searched by PBO NCLH30000484, order 251100157, invoice 900003006, chassis MCCJY7PRMTN102401, engine SQRH4J15AGSM60752); it will be imported as a stock dispatch against the physical vehicle only — no Customer, Booking, Sales Order or Seller will be created."
"dispatch","Sheet1","392","260300105","DISPATCH_WITHOUT_SALES_ORDER","pboNo","NCLH30000532","Dispatch 260300105 has no matching Sales Order (searched by PBO NCLH30000532, order 251100204, invoice 900003162, chassis MCCJY7PRMTN102482, engine SQRH4J15AGTA60015); it will be imported as a stock dispatch against the physical vehicle only — no Customer, Booking, Sales Order or Seller will be created."
"dispatch","Sheet1","393","260300055","DISPATCH_WITHOUT_SALES_ORDER","pboNo","NCLH30000415","Dispatch 260300055 has no matching Sales Order (searched by PBO NCLH30000415, order 251100088, invoice 900002957, chassis MCCJY7PRMTN102479, engine SQRH4J15AGSM61060); it will be imported as a stock dispatch against the physical vehicle only — no Customer, Booking, Sales Order or Seller will be created."
"dispatch","Sheet1","394","260300056","DISPATCH_WITHOUT_SALES_ORDER","pboNo","NCLH30000424","Dispatch 260300056 has no matching Sales Order (searched by PBO NCLH30000424, order 251100097, invoice 900002958, chassis MCCJY7PRMTN102496, engine SQRH4J15AGTA60019); it will be imported as a stock dispatch against the physical vehicle only — no Customer, Booking, Sales Order or Seller will be created."
"dispatch","Sheet1","395","260300057","DISPATCH_WITHOUT_SALES_ORDER","pboNo","NCLH30000537","Dispatch 260300057 has no matching Sales Order (searched by PBO NCLH30000537, order 251100209, invoice 900002959, chassis MCCJY7PRMTN102506, engine SQRH4J15AGSM61061); it will be imported as a stock dispatch against the physical vehicle only — no Customer, Booking, Sales Order or Seller will be created."
"dispatch","Sheet1","396","260300058","DISPATCH_WITHOUT_SALES_ORDER","pboNo","NCLH30000444","Dispatch 260300058 has no matching Sales Order (searched by PBO NCLH30000444, order 251100117, invoice 900002960, chassis MCCJY7PRMTN102462, engine SQRH4J15AGSM61361); it will be imported as a stock dispatch against the physical vehicle only — no Customer, Booking, Sales Order or Seller will be created."
"dispatch","Sheet1","397","260300059","DISPATCH_WITHOUT_SALES_ORDER","pboNo","NCLH30000383","Dispatch 260300059 has no matching Sales Order (searched by PBO NCLH30000383, order 251100057, invoice 900002961, chassis MCCJY7PRMTN102488, engine SQRH4J15AGTA60012); it will be imported as a stock dispatch against the physical vehicle only — no Customer, Booking, Sales Order or Seller will be created."
"dispatch","Sheet1","398","260300060","DISPATCH_WITHOUT_SALES_ORDER","pboNo","NCLH30000463","Dispatch 260300060 has no matching Sales Order (searched by PBO NCLH30000463, order 251100136, invoice 900002962, chassis MCCJY7PRMTN102493, engine SQRH4J15AGSM60840); it will be imported as a stock dispatch against the physical vehicle only — no Customer, Booking, Sales Order or Seller will be created."
"dispatch","Sheet1","399","260300061","DISPATCH_WITHOUT_SALES_ORDER","pboNo","NCLH30000456","Dispatch 260300061 has no matching Sales Order (searched by PBO NCLH30000456, order 251100129, invoice 900002979, chassis MCCJY7PRMTN102502, engine SQRH4J15AGSM61078); it will be imported as a stock dispatch against the physical vehicle only — no Customer, Booking, Sales Order or Seller will be created."
"dispatch","Sheet1","400","260300063","DISPATCH_WITHOUT_SALES_ORDER","pboNo","NCLH30000448","Dispatch 260300063 has no matching Sales Order (searched by PBO NCLH30000448, order 251100121, invoice 900002980, chassis MCCJY7PRMTN102494, engine SQRH4J15AGTA60208); it will be imported as a stock dispatch against the physical vehicle only — no Customer, Booking, Sales Order or Seller will be created."
"dispatch","Sheet1","401","260300067","DISPATCH_WITHOUT_SALES_ORDER","pboNo","NCLH30000477","Dispatch 260300067 has no matching Sales Order (searched by PBO NCLH30000477, order 251100150, invoice 900003016, chassis MCCJY7PRMTN102434, engine SQRH4J15AGTA60319); it will be imported as a stock dispatch against the physical vehicle only — no Customer, Booking, Sales Order or Seller will be created."
"dispatch","Sheet1","402","260300068","DISPATCH_WITHOUT_SALES_ORDER","pboNo","NCLH30000161","Dispatch 260300068 has no matching Sales Order (searched by PBO NCLH30000161, order 251000062, invoice 900003018, chassis MCCJY7PRMTN102509, engine SQRH4J15AGSM61297); it will be imported as a stock dispatch against the physical vehicle only — no Customer, Booking, Sales Order or Seller will be created."
"dispatch","Sheet1","403","260300069","DISPATCH_WITHOUT_SALES_ORDER","pboNo","NCLH30000426","Dispatch 260300069 has no matching Sales Order (searched by PBO NCLH30000426, order 251100099, invoice 900003017, chassis MCCJY7PRMTN102520, engine SQRH4J15AGSM61274); it will be imported as a stock dispatch against the physical vehicle only — no Customer, Booking, Sales Order or Seller will be created."
"dispatch","Sheet1","404","260300070","DISPATCH_WITHOUT_SALES_ORDER","pboNo","NCLH30000458","Dispatch 260300070 has no matching Sales Order (searched by PBO NCLH30000458, order 251100131, invoice 900003019, chassis MCCJY7PRMTN102532, engine SQRH4J15AGSM61338); it will be imported as a stock dispatch against the physical vehicle only — no Customer, Booking, Sales Order or Seller will be created."
"dispatch","Sheet1","405","260300071","DISPATCH_WITHOUT_SALES_ORDER","pboNo","NCLH30000470","Dispatch 260300071 has no matching Sales Order (searched by PBO NCLH30000470, order 251100143, invoice 900003015, chassis MCCJY7PRMTN102534, engine SQRH4J15AGSM60716); it will be imported as a stock dispatch against the physical vehicle only — no Customer, Booking, Sales Order or Seller will be created."
"dispatch","Sheet1","406","260300072","DISPATCH_WITHOUT_SALES_ORDER","pboNo","NCLH30000503","Dispatch 260300072 has no matching Sales Order (searched by PBO NCLH30000503, order 251100176, invoice 900003014, chassis MCCJY7PRMTN102562, engine SQRH4J15AGSM60643); it will be imported as a stock dispatch against the physical vehicle only — no Customer, Booking, Sales Order or Seller will be created."
"dispatch","Sheet1","407","260300073","DISPATCH_WITHOUT_SALES_ORDER","pboNo","NCLH30000505","Dispatch 260300073 has no matching Sales Order (searched by PBO NCLH30000505, order 251100178, invoice 900003020, chassis MCCJY7PRMTN102572, engine SQRH4J15AGSM61348); it will be imported as a stock dispatch against the physical vehicle only — no Customer, Booking, Sales Order or Seller will be created."
"dispatch","Sheet1","408","260300074","DISPATCH_WITHOUT_SALES_ORDER","pboNo","NCLH30000439","Dispatch 260300074 has no matching Sales Order (searched by PBO NCLH30000439, order 251100112, invoice 900003031, chassis MCCJY7PRMTN102495, engine SQRH4J15AGTA60184); it will be imported as a stock dispatch against the physical vehicle only — no Customer, Booking, Sales Order or Seller will be created."
"dispatch","Sheet1","409","260300075","DISPATCH_WITHOUT_SALES_ORDER","pboNo","NCLH30000460","Dispatch 260300075 has no matching Sales Order (searched by PBO NCLH30000460, order 251100133, invoice 900003032, chassis MCCJY7PRMTN102515, engine SQRH4J15AGSM61273); it will be imported as a stock dispatch against the physical vehicle only — no Customer, Booking, Sales Order or Seller will be created."
"dispatch","Sheet1","415","260300140","DISPATCH_WITHOUT_SALES_ORDER","pboNo","NCLH30000459","Dispatch 260300140 has no matching Sales Order (searched by PBO NCLH30000459, order 251100132, invoice 900004579, chassis MCCJY7PRMTN102533, engine SQRH4J15AGSM60673); it will be imported as a stock dispatch against the physical vehicle only — no Customer, Booking, Sales Order or Seller will be created."
"dispatch","Sheet1","416","260300082","DISPATCH_WITHOUT_SALES_ORDER","pboNo","NCLH30000544","Dispatch 260300082 has no matching Sales Order (searched by PBO NCLH30000544, order 251100216, invoice 900003060, chassis MCCJY7PRMTN102517, engine SQRH4J15AGSM61340); it will be imported as a stock dispatch against the physical vehicle only — no Customer, Booking, Sales Order or Seller will be created."
"dispatch","Sheet1","417","260300083","DISPATCH_WITHOUT_SALES_ORDER","pboNo","NCLH30000583","Dispatch 260300083 has no matching Sales Order (searched by PBO NCLH30000583, order 251100254, invoice 900003061, chassis MCCJY7PRMTN102540, engine SQRH4J15AGSM60721); it will be imported as a stock dispatch against the physical vehicle only — no Customer, Booking, Sales Order or Seller will be created."
"dispatch","Sheet1","418","260300084","DISPATCH_WITHOUT_SALES_ORDER","pboNo","NCLH30000567","Dispatch 260300084 has no matching Sales Order (searched by PBO NCLH30000567, order 251100238, invoice 900003062, chassis MCCJY7PRMTN102524, engine SQRH4J15AGSM61021); it will be imported as a stock dispatch against the physical vehicle only — no Customer, Booking, Sales Order or Seller will be created."
"dispatch","Sheet1","419","260300085","DISPATCH_WITHOUT_SALES_ORDER","pboNo","NCLH30000531","Dispatch 260300085 has no matching Sales Order (searched by PBO NCLH30000531, order 251100203, invoice 900003063, chassis MCCJY7PRMTN102510, engine SQRH4J15AGSM60544); it will be imported as a stock dispatch against the physical vehicle only — no Customer, Booking, Sales Order or Seller will be created."
"dispatch","Sheet1","420","260300086","DISPATCH_WITHOUT_SALES_ORDER","pboNo","NCLH30000523","Dispatch 260300086 has no matching Sales Order (searched by PBO NCLH30000523, order 251100195, invoice 900003064, chassis MCCJY7PRMTN102508, engine SQRH4J15AGSM61059); it will be imported as a stock dispatch against the physical vehicle only — no Customer, Booking, Sales Order or Seller will be created."
"dispatch","Sheet1","421","260300087","DISPATCH_WITHOUT_SALES_ORDER","pboNo","NCLH30000565","Dispatch 260300087 has no matching Sales Order (searched by PBO NCLH30000565, order 251100236, invoice 900003089, chassis MCCJY7PRMTN102601, engine SQRH4J15AGSM61125); it will be imported as a stock dispatch against the physical vehicle only — no Customer, Booking, Sales Order or Seller will be created."
"dispatch","Sheet1","422","260300088","DISPATCH_WITHOUT_SALES_ORDER","pboNo","NCLH30000301","Dispatch 260300088 has no matching Sales Order (searched by PBO NCLH30000301, order 251100004, invoice 900003092, chassis MCCJY7PRMTN102606, engine SQRH4J15AGSM61122); it will be imported as a stock dispatch against the physical vehicle only — no Customer, Booking, Sales Order or Seller will be created."
"dispatch","Sheet1","423","260300089","DISPATCH_WITHOUT_SALES_ORDER","pboNo","NCLH30000422","Dispatch 260300089 has no matching Sales Order (searched by PBO NCLH30000422, order 251100095, invoice 900003093, chassis MCCJY7PRMTN102587, engine SQRH4J15AGSM60922); it will be imported as a stock dispatch against the physical vehicle only — no Customer, Booking, Sales Order or Seller will be created."
"dispatch","Sheet1","424","260300090","DISPATCH_WITHOUT_SALES_ORDER","pboNo","NCLH30000520","Dispatch 260300090 has no matching Sales Order (searched by PBO NCLH30000520, order 251100192, invoice 900003094, chassis MCCJY7PRMTN102575, engine SQRH4J15AGSM61352); it will be imported as a stock dispatch against the physical vehicle only — no Customer, Booking, Sales Order or Seller will be created."
"dispatch","Sheet1","425","260300091","DISPATCH_WITHOUT_SALES_ORDER","pboNo","NCLH30000514","Dispatch 260300091 has no matching Sales Order (searched by PBO NCLH30000514, order 251100186, invoice 900003091, chassis MCCJY7PRMTN102569, engine SQRH4J15AGSM60966); it will be imported as a stock dispatch against the physical vehicle only — no Customer, Booking, Sales Order or Seller will be created."
"dispatch","Sheet1","426","260300092","DISPATCH_WITHOUT_SALES_ORDER","pboNo","NCLH30000548","Dispatch 260300092 has no matching Sales Order (searched by PBO NCLH30000548, order 251100219, invoice 900003090, chassis MCCJY7PRMTN102348, engine SQRH4J15AGSM60933); it will be imported as a stock dispatch against the physical vehicle only — no Customer, Booking, Sales Order or Seller will be created."
"dispatch","Sheet1","427","260300093","DISPATCH_WITHOUT_SALES_ORDER","pboNo","NCLH30000428","Dispatch 260300093 has no matching Sales Order (searched by PBO NCLH30000428, order 251100101, invoice 900003095, chassis MCCJY7PRMTN102591, engine SQRH4J15AGSM61000); it will be imported as a stock dispatch against the physical vehicle only — no Customer, Booking, Sales Order or Seller will be created."
"dispatch","Sheet1","428","260300094","DISPATCH_WITHOUT_SALES_ORDER","pboNo","NCLH30000430","Dispatch 260300094 has no matching Sales Order (searched by PBO NCLH30000430, order 251100103, invoice 900003096, chassis MCCJY7PRMTN102611, engine SQRH4J15AGSM60787); it will be imported as a stock dispatch against the physical vehicle only — no Customer, Booking, Sales Order or Seller will be created."
"dispatch","Sheet1","430","260300102","DISPATCH_WITHOUT_SALES_ORDER","pboNo","NCLH30000462","Dispatch 260300102 has no matching Sales Order (searched by PBO NCLH30000462, order 251100135, invoice 900003155, chassis MCCJY7PRMTN102607, engine SQRH4J15AGSM60790); it will be imported as a stock dispatch against the physical vehicle only — no Customer, Booking, Sales Order or Seller will be created."
"dispatch","Sheet1","431","260300106","DISPATCH_WITHOUT_SALES_ORDER","pboNo","NCLH30000507","Dispatch 260300106 has no matching Sales Order (searched by PBO NCLH30000507, order 251100180, invoice 900003163, chassis MCCJY7PRMTN102528, engine SQRH4J15AGSM60719); it will be imported as a stock dispatch against the physical vehicle only — no Customer, Booking, Sales Order or Seller will be created."
"dispatch","Sheet1","432","260300107","DISPATCH_WITHOUT_SALES_ORDER","pboNo","NCLH30000607","Dispatch 260300107 has no matching Sales Order (searched by PBO NCLH30000607, order 251100277, invoice 900003164, chassis MCCJY7PRMTN102619, engine SQRH4J15AGSM60789); it will be imported as a stock dispatch against the physical vehicle only — no Customer, Booking, Sales Order or Seller will be created."
"dispatch","Sheet1","433","260300109","DISPATCH_WITHOUT_SALES_ORDER","pboNo","NCLH30000582","Dispatch 260300109 has no matching Sales Order (searched by PBO NCLH30000582, order 251100253, invoice 900003199, chassis MCCJY7PRMTN102618, engine SQRH4J15AGSM60951); it will be imported as a stock dispatch against the physical vehicle only — no Customer, Booking, Sales Order or Seller will be created."
"dispatch","Sheet1","434","260300162","DISPATCH_WITHOUT_SALES_ORDER","pboNo","NCLH30000518","Dispatch 260300162 has no matching Sales Order (searched by PBO NCLH30000518, order 251100190, invoice 900003583, chassis MCCJY7PRMTN102608, engine SQRH4J15AGSM60769); it will be imported as a stock dispatch against the physical vehicle only — no Customer, Booking, Sales Order or Seller will be created."
"dispatch","Sheet1","435","260300098","DISPATCH_WITHOUT_SALES_ORDER","pboNo","NCLH30000588","Dispatch 260300098 has no matching Sales Order (searched by PBO NCLH30000588, order 251100258, invoice 900003122, chassis MCCJY7PRMTN102603, engine SQRH4J15AGSM61354); it will be imported as a stock dispatch against the physical vehicle only — no Customer, Booking, Sales Order or Seller will be created."
"dispatch","Sheet1","436","260300099","DISPATCH_WITHOUT_SALES_ORDER","pboNo","NCLH30000562","Dispatch 260300099 has no matching Sales Order (searched by PBO NCLH30000562, order 251100233, invoice 900003123, chassis MCCJY7PRMTN102311, engine SQRH4J15AGTA60143); it will be imported as a stock dispatch against the physical vehicle only — no Customer, Booking, Sales Order or Seller will be created."
"dispatch","Sheet1","437","260300100","DISPATCH_WITHOUT_SALES_ORDER","pboNo","NCLH30000446","Dispatch 260300100 has no matching Sales Order (searched by PBO NCLH30000446, order 251100119, invoice 900003124, chassis MCCJY7PRMTN102559, engine SQRH4J15AGSM60920); it will be imported as a stock dispatch against the physical vehicle only — no Customer, Booking, Sales Order or Seller will be created."
"dispatch","Sheet1","439","260300111","DISPATCH_WITHOUT_SALES_ORDER","pboNo","NCLH30000421","Dispatch 260300111 has no matching Sales Order (searched by PBO NCLH30000421, order 251100094, invoice 900003222, chassis MCCJY7PRMTN102549, engine SQRH4J15AGSM61019); it will be imported as a stock dispatch against the physical vehicle only — no Customer, Booking, Sales Order or Seller will be created."
"dispatch","Sheet1","440","260300116","DISPATCH_WITHOUT_SALES_ORDER","pboNo","NCLH30000394","Dispatch 260300116 has no matching Sales Order (searched by PBO NCLH30000394, order 251100068, invoice 900003274, chassis MCCJY7PRMTN102385, engine SQRH4J15AGSM61068); it will be imported as a stock dispatch against the physical vehicle only — no Customer, Booking, Sales Order or Seller will be created."
"dispatch","Sheet1","441","260300112","DISPATCH_WITHOUT_SALES_ORDER","pboNo","NCLH30000370","Dispatch 260300112 has no matching Sales Order (searched by PBO NCLH30000370, order 251100048, invoice 900003235, chassis MCCJY7PRMTN102658, engine SQRH4J15AGTA60187); it will be imported as a stock dispatch against the physical vehicle only — no Customer, Booking, Sales Order or Seller will be created."
"dispatch","Sheet1","442","260300113","DISPATCH_WITHOUT_SALES_ORDER","pboNo","NCLH30000540","Dispatch 260300113 has no matching Sales Order (searched by PBO NCLH30000540, order 251100212, invoice 900003251, chassis MCCJY7PRMTN102583, engine SQRH4J15AGSM60811); it will be imported as a stock dispatch against the physical vehicle only — no Customer, Booking, Sales Order or Seller will be created."
"dispatch","Sheet1","443","260300117","DISPATCH_WITHOUT_SALES_ORDER","pboNo","NCLH30000417","Dispatch 260300117 has no matching Sales Order (searched by PBO NCLH30000417, order 251100090, invoice 900003284, chassis MCCJY7PRMTN102624, engine SQRH4J15AGSM60810); it will be imported as a stock dispatch against the physical vehicle only — no Customer, Booking, Sales Order or Seller will be created."
"dispatch","Sheet1","444","260300118","DISPATCH_WITHOUT_SALES_ORDER","pboNo","NCLH30000612","Dispatch 260300118 has no matching Sales Order (searched by PBO NCLH30000612, order 251100282, invoice 900003285, chassis MCCJY7PRMTN102478, engine SQRH4J15AGSM61277); it will be imported as a stock dispatch against the physical vehicle only — no Customer, Booking, Sales Order or Seller will be created."
"dispatch","Sheet1","445","260300119","DISPATCH_WITHOUT_SALES_ORDER","pboNo","NCLH30000527","Dispatch 260300119 has no matching Sales Order (searched by PBO NCLH30000527, order 251100199, invoice 900003286, chassis MCCJY7PRMTN102750, engine SQRH4J15AGSM60974); it will be imported as a stock dispatch against the physical vehicle only — no Customer, Booking, Sales Order or Seller will be created."
"dispatch","Sheet1","446","260300121","DISPATCH_WITHOUT_SALES_ORDER","pboNo","NCLH30000589","Dispatch 260300121 has no matching Sales Order (searched by PBO NCLH30000589, order 251100259, invoice 900003287, chassis MCCJY7PRMTN102656, engine SQRH4J15AGSM60460); it will be imported as a stock dispatch against the physical vehicle only — no Customer, Booking, Sales Order or Seller will be created."
"dispatch","Sheet1","447","260300122","DISPATCH_WITHOUT_SALES_ORDER","pboNo","NCLH30000592","Dispatch 260300122 has no matching Sales Order (searched by PBO NCLH30000592, order 251100262, invoice 900003296, chassis MCCJY7PRMTN102651, engine SQRH4J15AGSM60903); it will be imported as a stock dispatch against the physical vehicle only — no Customer, Booking, Sales Order or Seller will be created."
"dispatch","Sheet1","448","260300123","DISPATCH_WITHOUT_SALES_ORDER","pboNo","NCLH30000574","Dispatch 260300123 has no matching Sales Order (searched by PBO NCLH30000574, order 251100245, invoice 900003299, chassis MCCJY7PRMTN102719, engine SQRH4J15AGTA60558); it will be imported as a stock dispatch against the physical vehicle only — no Customer, Booking, Sales Order or Seller will be created."
"dispatch","Sheet1","449","260300124","DISPATCH_WITHOUT_SALES_ORDER","pboNo","NCLH30000599","Dispatch 260300124 has no matching Sales Order (searched by PBO NCLH30000599, order 251100269, invoice 900003298, chassis MCCJY7PRMTN102647, engine SQRH4J15AGSM61138); it will be imported as a stock dispatch against the physical vehicle only — no Customer, Booking, Sales Order or Seller will be created."
"dispatch","Sheet1","450","260300125","DISPATCH_WITHOUT_SALES_ORDER","pboNo","NCLH30000591","Dispatch 260300125 has no matching Sales Order (searched by PBO NCLH30000591, order 251100261, invoice 900003295, chassis MCCJY7PRMTN102653, engine SQRH4J15AGSM60897); it will be imported as a stock dispatch against the physical vehicle only — no Customer, Booking, Sales Order or Seller will be created."
"dispatch","Sheet1","451","260300126","DISPATCH_WITHOUT_SALES_ORDER","pboNo","NCLH30000615","Dispatch 260300126 has no matching Sales Order (searched by PBO NCLH30000615, order 251100285, invoice 900003297, chassis MCCJY7PRMTN102689, engine SQRH4J15AGTA60606); it will be imported as a stock dispatch against the physical vehicle only — no Customer, Booking, Sales Order or Seller will be created."
"dispatch","Sheet1","452","260300128","DISPATCH_WITHOUT_SALES_ORDER","pboNo","NCLH30000570","Dispatch 260300128 has no matching Sales Order (searched by PBO NCLH30000570, order 251100241, invoice 900003319, chassis MCCJY7PRMTN102772, engine SQRH4J15AGSM61216); it will be imported as a stock dispatch against the physical vehicle only — no Customer, Booking, Sales Order or Seller will be created."
"dispatch","Sheet1","453","260300130","DISPATCH_WITHOUT_SALES_ORDER","pboNo","NCLH30000535","Dispatch 260300130 has no matching Sales Order (searched by PBO NCLH30000535, order 251100207, invoice 900003325, chassis MCCJY7PRMTN102821, engine SQRH4J15AGSM60625); it will be imported as a stock dispatch against the physical vehicle only — no Customer, Booking, Sales Order or Seller will be created."
"dispatch","Sheet1","454","260300131","DISPATCH_WITHOUT_SALES_ORDER","pboNo","NCLH30000483","Dispatch 260300131 has no matching Sales Order (searched by PBO NCLH30000483, order 251100156, invoice 900003326, chassis MCCJY7PRMTN102745, engine SQRH4J15AGSM60602); it will be imported as a stock dispatch against the physical vehicle only — no Customer, Booking, Sales Order or Seller will be created."
"dispatch","Sheet1","455","260300132","DISPATCH_WITHOUT_SALES_ORDER","pboNo","NCLH30000526","Dispatch 260300132 has no matching Sales Order (searched by PBO NCLH30000526, order 251100198, invoice 900003329, chassis MCCJY7PRMTN102793, engine SQRH4J15AGSM60627); it will be imported as a stock dispatch against the physical vehicle only — no Customer, Booking, Sales Order or Seller will be created."
"dispatch","Sheet1","456","260300133","DISPATCH_WITHOUT_SALES_ORDER","pboNo","NCLH30000528","Dispatch 260300133 has no matching Sales Order (searched by PBO NCLH30000528, order 251100200, invoice 900003330, chassis MCCJY7PRMTN102797, engine SQRH4J15AGSM60706); it will be imported as a stock dispatch against the physical vehicle only — no Customer, Booking, Sales Order or Seller will be created."
"dispatch","Sheet1","458","260300134","DISPATCH_WITHOUT_SALES_ORDER","pboNo","NCLH30000586","Dispatch 260300134 has no matching Sales Order (searched by PBO NCLH30000586, order 251100256, invoice 900003334, chassis MCCJY7PRMTN102284, engine SQRH4J15AGSM60406); it will be imported as a stock dispatch against the physical vehicle only — no Customer, Booking, Sales Order or Seller will be created."
"dispatch","Sheet1","459","260300137","DISPATCH_WITHOUT_SALES_ORDER","pboNo","NCLH30000553","Dispatch 260300137 has no matching Sales Order (searched by PBO NCLH30000553, order 251100224, invoice 900003365, chassis MCCJY7PRMTN102758, engine SQRH4J15AGTA60679); it will be imported as a stock dispatch against the physical vehicle only — no Customer, Booking, Sales Order or Seller will be created."
"dispatch","Sheet1","462","260300141","DISPATCH_WITHOUT_SALES_ORDER","pboNo","NCLH30000577","Dispatch 260300141 has no matching Sales Order (searched by PBO NCLH30000577, order 251100248, invoice 900003397, chassis MCCJY7PRMTN102766, engine SQRH4J15AGSM60681); it will be imported as a stock dispatch against the physical vehicle only — no Customer, Booking, Sales Order or Seller will be created."
"dispatch","Sheet1","463","260300142","DISPATCH_WITHOUT_SALES_ORDER","pboNo","NCLH30000590","Dispatch 260300142 has no matching Sales Order (searched by PBO NCLH30000590, order 251100260, invoice 900003398, chassis MCCJY7PRMTN102692, engine SQRH4J15AGSM60902); it will be imported as a stock dispatch against the physical vehicle only — no Customer, Booking, Sales Order or Seller will be created."
"dispatch","Sheet1","465","260300144","DISPATCH_WITHOUT_SALES_ORDER","pboNo","NCLH30000602","Dispatch 260300144 has no matching Sales Order (searched by PBO NCLH30000602, order 251100272, invoice 900003400, chassis MCCJY7PRMTN102863, engine SQRH4J15AGSM60649); it will be imported as a stock dispatch against the physical vehicle only — no Customer, Booking, Sales Order or Seller will be created."
"dispatch","Sheet1","466","260300145","DISPATCH_WITHOUT_SALES_ORDER","pboNo","NCLH30000595","Dispatch 260300145 has no matching Sales Order (searched by PBO NCLH30000595, order 251100265, invoice 900003401, chassis MCCJY7PRMTN102864, engine SQRH4J15AGSM61112); it will be imported as a stock dispatch against the physical vehicle only — no Customer, Booking, Sales Order or Seller will be created."
"dispatch","Sheet1","467","260300146","DISPATCH_WITHOUT_SALES_ORDER","pboNo","NCLH30000468","Dispatch 260300146 has no matching Sales Order (searched by PBO NCLH30000468, order 251100141, invoice 900003443, chassis MCCJY7PRMTN102828, engine SQRH4J15AGSM60695); it will be imported as a stock dispatch against the physical vehicle only — no Customer, Booking, Sales Order or Seller will be created."
"dispatch","Sheet1","468","260300147","DISPATCH_WITHOUT_SALES_ORDER","pboNo","NCLH30000397","Dispatch 260300147 has no matching Sales Order (searched by PBO NCLH30000397, order 251100070, invoice 900003446, chassis MCCJY7PRMTN102536, engine SQRH4J15AGSM61128); it will be imported as a stock dispatch against the physical vehicle only — no Customer, Booking, Sales Order or Seller will be created."
"dispatch","Sheet1","469","260300148","DISPATCH_WITHOUT_SALES_ORDER","pboNo","NCLH30000631","Dispatch 260300148 has no matching Sales Order (searched by PBO NCLH30000631, order 251200016, invoice 900003444, chassis MCCJY7PRMTN102916, engine SQRH4J15AGTA60310); it will be imported as a stock dispatch against the physical vehicle only — no Customer, Booking, Sales Order or Seller will be created."
"dispatch","Sheet1","471","260300150","DISPATCH_WITHOUT_SALES_ORDER","pboNo","NCLH30000626","Dispatch 260300150 has no matching Sales Order (searched by PBO NCLH30000626, order 251200011, invoice 900003447, chassis MCCJY7PRMTN102838, engine SQRH4J15AGSM60714); it will be imported as a stock dispatch against the physical vehicle only — no Customer, Booking, Sales Order or Seller will be created."
"dispatch","Sheet1","473","260300152","DISPATCH_WITHOUT_SALES_ORDER","pboNo","NCLH30000617","Dispatch 260300152 has no matching Sales Order (searched by PBO NCLH30000617, order 251200002, invoice 900003505, chassis MCCJY7PRMTN102898, engine SQRH4J15AGSM61294); it will be imported as a stock dispatch against the physical vehicle only — no Customer, Booking, Sales Order or Seller will be created."
"dispatch","Sheet1","477","260300157","DISPATCH_WITHOUT_SALES_ORDER","pboNo","NCLH30000651","Dispatch 260300157 has no matching Sales Order (searched by PBO NCLH30000651, order 251200037, invoice 900003543, chassis MCCJY7PRMTN102940, engine SQRH4J15AGSM61260); it will be imported as a stock dispatch against the physical vehicle only — no Customer, Booking, Sales Order or Seller will be created."
"dispatch","Sheet1","479","260300159","DISPATCH_WITHOUT_SALES_ORDER","pboNo","NCLH30000611","Dispatch 260300159 has no matching Sales Order (searched by PBO NCLH30000611, order 251100281, invoice 900003538, chassis MCCJY7PRMTN102652, engine SQRH4J15AGSM60457); it will be imported as a stock dispatch against the physical vehicle only — no Customer, Booking, Sales Order or Seller will be created."
"dispatch","Sheet1","480","260300160","DISPATCH_WITHOUT_SALES_ORDER","pboNo","NCLH30000627","Dispatch 260300160 has no matching Sales Order (searched by PBO NCLH30000627, order 251200012, invoice 900003539, chassis MCCJY7PRMTN102936, engine SQRH4J15AGSM60575); it will be imported as a stock dispatch against the physical vehicle only — no Customer, Booking, Sales Order or Seller will be created."
"dispatch","Sheet1","481","260300161","DISPATCH_WITHOUT_SALES_ORDER","pboNo","NCLH30000391","Dispatch 260300161 has no matching Sales Order (searched by PBO NCLH30000391, order 251100065, invoice 900003540, chassis MCCJY7PRMTN102912, engine SQRH4J15AGTA60326); it will be imported as a stock dispatch against the physical vehicle only — no Customer, Booking, Sales Order or Seller will be created."
"dispatch","Sheet1","497","260300188","DISPATCH_WITHOUT_SALES_ORDER","pboNo","NCLH30000587","Dispatch 260300188 has no matching Sales Order (searched by PBO NCLH30000587, order 251100257, invoice 900003774, chassis MCCJY7PRMTN102935, engine SQRH4J15AGSM60670); it will be imported as a stock dispatch against the physical vehicle only — no Customer, Booking, Sales Order or Seller will be created."
"dispatch","Sheet1","500","260500018","DISPATCH_WITHOUT_SALES_ORDER","pboNo","NCLH30000616","Dispatch 260500018 has no matching Sales Order (searched by PBO NCLH30000616, order 251200001, invoice 900003661, chassis MCCJY7PRMTN101187, engine SQRH4J15AGSL60879); it will be imported as a stock dispatch against the physical vehicle only — no Customer, Booking, Sales Order or Seller will be created."
"dispatch","Sheet1","512","260400010","DISPATCH_WITHOUT_SALES_ORDER","pboNo","NCLH30000650","Dispatch 260400010 has no matching Sales Order (searched by PBO NCLH30000650, order 251200033, invoice 900003877, chassis MCCJY7PRMTN102906, engine SQRH4J15AGSM60409); it will be imported as a stock dispatch against the physical vehicle only — no Customer, Booking, Sales Order or Seller will be created."
"dispatch","Sheet1","515","260400013","DISPATCH_WITHOUT_SALES_ORDER","pboNo","","Dispatch 260400013 has no matching Sales Order (searched by chassis MCCJY7PRMTN102765, engine SQRH4J15AGSM61248); it will be imported as a stock dispatch against the physical vehicle only — no Customer, Booking, Sales Order or Seller will be created."
"dispatch","Sheet1","519","260400022","DISPATCH_WITHOUT_SALES_ORDER","pboNo","NCLH30000371","Dispatch 260400022 has no matching Sales Order (searched by PBO NCLH30000371, order 251100049, invoice 900004045, chassis MCCJY7PRMTN102394, engine SQRH4J15AGSM61357); it will be imported as a stock dispatch against the physical vehicle only — no Customer, Booking, Sales Order or Seller will be created."
"dispatch","Sheet1","537","260400037","DISPATCH_WITHOUT_SALES_ORDER","pboNo","NCLH30000750","Dispatch 260400037 has no matching Sales Order (searched by PBO NCLH30000750, order 260100090, invoice 900004242, chassis MCCJV7HRMTN201467, engine SQRH4J15BTTBJ0346); it will be imported as a stock dispatch against the physical vehicle only — no Customer, Booking, Sales Order or Seller will be created."
"dispatch","Sheet1","580","260400079","DISPATCH_WITHOUT_SALES_ORDER","pboNo","NCLH30000473","Dispatch 260400079 has no matching Sales Order (searched by PBO NCLH30000473, order 251100146, invoice 900004596, chassis MCCJY7PRMTN102957, engine SQRH4J15AGSM60560); it will be imported as a stock dispatch against the physical vehicle only — no Customer, Booking, Sales Order or Seller will be created."
"dispatch","Sheet1","581","260400080","DISPATCH_WITHOUT_SALES_ORDER","pboNo","NCLH30000542","Dispatch 260400080 has no matching Sales Order (searched by PBO NCLH30000542, order 251100214, invoice 900004597, chassis MCCJY7PRMTN102980, engine SQRH4J15AGTA60386); it will be imported as a stock dispatch against the physical vehicle only — no Customer, Booking, Sales Order or Seller will be created."
"dispatch","Sheet1","588","260400087","DISPATCH_WITHOUT_SALES_ORDER","pboNo","NCLH30000196","Dispatch 260400087 has no matching Sales Order (searched by PBO NCLH30000196, order 251000085, invoice 900004668, chassis MCCJY7PRMTN102959, engine SQRH4J15AGTA60460); it will be imported as a stock dispatch against the physical vehicle only — no Customer, Booking, Sales Order or Seller will be created."
"dispatch","Sheet1","589","260400088","DISPATCH_WITHOUT_SALES_ORDER","pboNo","NCLH30000533","Dispatch 260400088 has no matching Sales Order (searched by PBO NCLH30000533, order 251100205, invoice 900004670, chassis MCCJY7PRMTN102948, engine SQRH4J15AGTA60006); it will be imported as a stock dispatch against the physical vehicle only — no Customer, Booking, Sales Order or Seller will be created."
"dispatch","Sheet1","591","260400090","DISPATCH_WITHOUT_SALES_ORDER","pboNo","NCLH30000563","Dispatch 260400090 has no matching Sales Order (searched by PBO NCLH30000563, order 251100234, invoice 900004669, chassis MCCJY7PRMTN102956, engine SQRH4J15AGTA60114); it will be imported as a stock dispatch against the physical vehicle only — no Customer, Booking, Sales Order or Seller will be created."
"dispatch","Sheet1","592","260400091","DISPATCH_WITHOUT_SALES_ORDER","pboNo","NCLH30000538","Dispatch 260400091 has no matching Sales Order (searched by PBO NCLH30000538, order 251100210, invoice 900004695, chassis MCCJY7PRMTN102972, engine SQRH4J15AGTA60459); it will be imported as a stock dispatch against the physical vehicle only — no Customer, Booking, Sales Order or Seller will be created."
"dispatch","Sheet1","593","260400092","DISPATCH_WITHOUT_SALES_ORDER","pboNo","NCLH30000390","Dispatch 260400092 has no matching Sales Order (searched by PBO NCLH30000390, order 251100064, invoice 900004693, chassis MCCJY7PRMTN102971, engine SQRH4J15AGTA60407); it will be imported as a stock dispatch against the physical vehicle only — no Customer, Booking, Sales Order or Seller will be created."
"dispatch","Sheet1","594","260400093","DISPATCH_WITHOUT_SALES_ORDER","pboNo","NCLH30000609","Dispatch 260400093 has no matching Sales Order (searched by PBO NCLH30000609, order 251100279, invoice 900004696, chassis MCCJY7PRMTN103031, engine SQRH4J15AGSM60621); it will be imported as a stock dispatch against the physical vehicle only — no Customer, Booking, Sales Order or Seller will be created."
"dispatch","Sheet1","595","260400094","DISPATCH_WITHOUT_SALES_ORDER","pboNo","NCLH30000561","Dispatch 260400094 has no matching Sales Order (searched by PBO NCLH30000561, order 251100232, invoice 900004694, chassis MCCJY7PRMTN103096, engine SQRH4J15AGTA60529); it will be imported as a stock dispatch against the physical vehicle only — no Customer, Booking, Sales Order or Seller will be created."
"dispatch","Sheet1","601","260400100","DISPATCH_WITHOUT_SALES_ORDER","pboNo","NCLH30000638","Dispatch 260400100 has no matching Sales Order (searched by PBO NCLH30000638, order 251200023, invoice 900004729, chassis MCCJY7PRMTN103140, engine SQRH4J15AGTA60072); it will be imported as a stock dispatch against the physical vehicle only — no Customer, Booking, Sales Order or Seller will be created."
"dispatch","Sheet1","603","260400102","DISPATCH_WITHOUT_SALES_ORDER","pboNo","NCLH30000442","Dispatch 260400102 has no matching Sales Order (searched by PBO NCLH30000442, order 251100115, invoice 900004753, chassis MCCJY7PRMTN103091, engine SQRH4J15AGTA60505); it will be imported as a stock dispatch against the physical vehicle only — no Customer, Booking, Sales Order or Seller will be created."
"dispatch","Sheet1","605","260400104","DISPATCH_WITHOUT_SALES_ORDER","pboNo","NCLH30000640","Dispatch 260400104 has no matching Sales Order (searched by PBO NCLH30000640, order 251200025, invoice 900004763, chassis MCCJY7PRMTN103197, engine SQRH4J15AGTA60494); it will be imported as a stock dispatch against the physical vehicle only — no Customer, Booking, Sales Order or Seller will be created."
"dispatch","Sheet1","608","260400108","DISPATCH_WITHOUT_SALES_ORDER","pboNo","NCLH30000593","Dispatch 260400108 has no matching Sales Order (searched by PBO NCLH30000593, order 251100263, invoice 900004839, chassis MCCJY7PRMTN103060, engine SQRH4J15AGTA60514); it will be imported as a stock dispatch against the physical vehicle only — no Customer, Booking, Sales Order or Seller will be created."
"dispatch","Sheet1","609","260400109","DISPATCH_WITHOUT_SALES_ORDER","pboNo","NCLH30000580","Dispatch 260400109 has no matching Sales Order (searched by PBO NCLH30000580, order 251100251, invoice 900004838, chassis MCCJY7PRMTN103187, engine SQRH4J15AGTA60117); it will be imported as a stock dispatch against the physical vehicle only — no Customer, Booking, Sales Order or Seller will be created."
"dispatch","Sheet1","610","260400110","DISPATCH_WITHOUT_SALES_ORDER","pboNo","NCLH30000643","Dispatch 260400110 has no matching Sales Order (searched by PBO NCLH30000643, order 251200028, invoice 900004837, chassis MCCJY7PRMTN103135, engine SQRH4J15AGTA60376); it will be imported as a stock dispatch against the physical vehicle only — no Customer, Booking, Sales Order or Seller will be created."
"dispatch","Sheet1","614","260400114","DISPATCH_WITHOUT_SALES_ORDER","pboNo","NCLH30000630","Dispatch 260400114 has no matching Sales Order (searched by PBO NCLH30000630, order 251200015, invoice 900004848, chassis MCCJY7PRMTN103210, engine SQRH4J15AGSM60324); it will be imported as a stock dispatch against the physical vehicle only — no Customer, Booking, Sales Order or Seller will be created."
"dispatch","Sheet1","616","260400116","DISPATCH_WITHOUT_SALES_ORDER","pboNo","NCLH30000600","Dispatch 260400116 has no matching Sales Order (searched by PBO NCLH30000600, order 251100270, invoice 900004850, chassis MCCJY7PRMTN103291, engine SQRH4J15AGSM61165); it will be imported as a stock dispatch against the physical vehicle only — no Customer, Booking, Sales Order or Seller will be created."
"dispatch","Sheet1","618","260400118","DISPATCH_WITHOUT_SALES_ORDER","pboNo","NCLH30000642","Dispatch 260400118 has no matching Sales Order (searched by PBO NCLH30000642, order 251200027, invoice 900004796, chassis MCCJY7PRMTN102985, engine SQRH4J15AGSM60591); it will be imported as a stock dispatch against the physical vehicle only — no Customer, Booking, Sales Order or Seller will be created."
"dispatch","Sheet1","619","260400119","DISPATCH_WITHOUT_SALES_ORDER","pboNo","NCLH30000647","Dispatch 260400119 has no matching Sales Order (searched by PBO NCLH30000647, order 251200034, invoice 900004803, chassis MCCJY7PRMTN103278, engine SQRH4J15AGTA60542); it will be imported as a stock dispatch against the physical vehicle only — no Customer, Booking, Sales Order or Seller will be created."
"dispatch","Sheet1","622","260400122","DISPATCH_WITHOUT_SALES_ORDER","pboNo","NCLH30000623","Dispatch 260400122 has no matching Sales Order (searched by PBO NCLH30000623, order 251200008, invoice 900004805, chassis MCCJY7PRMTN103038, engine SQRH4J15AGTA60533); it will be imported as a stock dispatch against the physical vehicle only — no Customer, Booking, Sales Order or Seller will be created."
"dispatch","Sheet1","623","260400123","DISPATCH_WITHOUT_SALES_ORDER","pboNo","NCLH30000581","Dispatch 260400123 has no matching Sales Order (searched by PBO NCLH30000581, order 251100252, invoice 900004813, chassis MCCJY7PRMTN103011, engine SQRH4J15AGSM60302); it will be imported as a stock dispatch against the physical vehicle only — no Customer, Booking, Sales Order or Seller will be created."
"dispatch","Sheet1","628","260400232","DISPATCH_WITHOUT_SALES_ORDER","pboNo","","Dispatch 260400232 has no matching Sales Order (searched by chassis LVUGTBCD9SDH78810, engine SQRH4J15BTSL60001); it will be imported as a stock dispatch against the physical vehicle only — no Customer, Booking, Sales Order or Seller will be created."
"dispatch","Sheet1","633","260400131","DISPATCH_WITHOUT_SALES_ORDER","pboNo","NCLH30000604","Dispatch 260400131 has no matching Sales Order (searched by PBO NCLH30000604, order 251100274, invoice 900005061, chassis MCCJY7PRMTN103392, engine SQRH4J15AGTA60469); it will be imported as a stock dispatch against the physical vehicle only — no Customer, Booking, Sales Order or Seller will be created."
"dispatch","Sheet1","634","260400132","DISPATCH_WITHOUT_SALES_ORDER","pboNo","NCLH30000620","Dispatch 260400132 has no matching Sales Order (searched by PBO NCLH30000620, order 251200005, invoice 900005062, chassis MCCJY7PRMTN103436, engine SQRH4J15AGTA60430); it will be imported as a stock dispatch against the physical vehicle only — no Customer, Booking, Sales Order or Seller will be created."
"dispatch","Sheet1","637","260400135","DISPATCH_WITHOUT_SALES_ORDER","pboNo","NCLH30000653","Dispatch 260400135 has no matching Sales Order (searched by PBO NCLH30000653, order 251200036, invoice 900005070, chassis MCCJY7PRMTN103380, engine SQRH4J15AGTA60396); it will be imported as a stock dispatch against the physical vehicle only — no Customer, Booking, Sales Order or Seller will be created."
"dispatch","Sheet1","640","260400138","DISPATCH_WITHOUT_SALES_ORDER","pboNo","NCLH30000632","Dispatch 260400138 has no matching Sales Order (searched by PBO NCLH30000632, order 251200017, invoice 900005073, chassis MCCJY7PRMTN103426, engine SQRH4J15AGTA60452); it will be imported as a stock dispatch against the physical vehicle only — no Customer, Booking, Sales Order or Seller will be created."
"dispatch","Sheet1","655","260400156","DISPATCH_WITHOUT_SALES_ORDER","pboNo","NCLH30000598","Dispatch 260400156 has no matching Sales Order (searched by PBO NCLH30000598, order 251100268, invoice 900005162, chassis MCCJY7PRMTN103350, engine SQRH4J15AGTA60269); it will be imported as a stock dispatch against the physical vehicle only — no Customer, Booking, Sales Order or Seller will be created."
"dispatch","Sheet1","656","260300104","DISPATCH_WITHOUT_SALES_ORDER","pboNo","NCLH30000399","Dispatch 260300104 has no matching Sales Order (searched by PBO NCLH30000399, order 251100072, chassis MCCJY7PRMTN102507, engine SQRH4J15AGSM60555); it will be imported as a stock dispatch against the physical vehicle only — no Customer, Booking, Sales Order or Seller will be created."
"dispatch","Sheet1","662","260400164","DISPATCH_WITHOUT_SALES_ORDER","pboNo","NCLH30000622","Dispatch 260400164 has no matching Sales Order (searched by PBO NCLH30000622, order 251200007, invoice 900005249, chassis MCCJY7PRMTN103019, engine SQRH4J15AGTA60058); it will be imported as a stock dispatch against the physical vehicle only — no Customer, Booking, Sales Order or Seller will be created."
"dispatch","Sheet1","673","260400177","DISPATCH_WITHOUT_SALES_ORDER","pboNo","NCLH30000608","Dispatch 260400177 has no matching Sales Order (searched by PBO NCLH30000608, order 251100278, invoice 900005327, chassis MCCJY7PRMTN103313, engine SQRH4J15AGTA60694); it will be imported as a stock dispatch against the physical vehicle only — no Customer, Booking, Sales Order or Seller will be created."
"dispatch","Sheet1","679","260400183","DISPATCH_WITHOUT_SALES_ORDER","pboNo","NCLH30000637","Dispatch 260400183 has no matching Sales Order (searched by PBO NCLH30000637, order 251200022, invoice 900005414, chassis MCCJY7PRMTN103000, engine SQRH4J15AGSM60309); it will be imported as a stock dispatch against the physical vehicle only — no Customer, Booking, Sales Order or Seller will be created."
"dispatch","Sheet1","703","260400209","DISPATCH_WITHOUT_SALES_ORDER","pboNo","NCLH30000636","Dispatch 260400209 has no matching Sales Order (searched by PBO NCLH30000636, order 251200021, invoice 900005549, chassis MCCJY7PRMTN103015, engine SQRH4J15AGTA60266); it will be imported as a stock dispatch against the physical vehicle only — no Customer, Booking, Sales Order or Seller will be created."
"dispatch","Sheet1","720","260400226","DISPATCH_WITHOUT_SALES_ORDER","pboNo","NCLH30000648","Dispatch 260400226 has no matching Sales Order (searched by PBO NCLH30000648, order 251200038, invoice 900005566, chassis MCCJY7PRMTN101650, engine SQRH4J15AGSL60930); it will be imported as a stock dispatch against the physical vehicle only — no Customer, Booking, Sales Order or Seller will be created."
"dispatch","Sheet1","728","260500003","DISPATCH_WITHOUT_SALES_ORDER","pboNo","NCLH30000603","Dispatch 260500003 has no matching Sales Order (searched by PBO NCLH30000603, order 251100273, invoice 900005694, chassis MCCJY7PRMTN103435, engine SQRH4J15AGTA60586); it will be imported as a stock dispatch against the physical vehicle only — no Customer, Booking, Sales Order or Seller will be created."
"dispatch","Sheet1","730","260500005","DISPATCH_WITHOUT_SALES_ORDER","pboNo","","Dispatch 260500005 has no matching Sales Order (searched by chassis LNNABDCX9SD459771, engine SH50327); it will be imported as a stock dispatch against the physical vehicle only — no Customer, Booking, Sales Order or Seller will be created."
"dispatch","Sheet1","762","260600123","DISPATCH_WITHOUT_SALES_ORDER","pboNo","","Dispatch 260600123 has no matching Sales Order (searched by chassis LNNABDCX8SD459762, engine SH50312); it will be imported as a stock dispatch against the physical vehicle only — no Customer, Booking, Sales Order or Seller will be created."
"dispatch","Sheet1","783","260500049","DISPATCH_WITHOUT_SALES_ORDER","pboNo","NCLH30000488","Dispatch 260500049 has no matching Sales Order (searched by PBO NCLH30000488, order 251100161, invoice 900006276, chassis MCCJY7PRMTN103556, engine SQRH4J15AGTC60110); it will be imported as a stock dispatch against the physical vehicle only — no Customer, Booking, Sales Order or Seller will be created."
"dispatch","Sheet1","790","260500055","DISPATCH_WITHOUT_SALES_ORDER","pboNo","NCLH30000402","Dispatch 260500055 has no matching Sales Order (searched by PBO NCLH30000402, order 251100075, invoice 900006334, chassis MCCJY7PRMTN103559, engine SQRH4J15AGTC60327); it will be imported as a stock dispatch against the physical vehicle only — no Customer, Booking, Sales Order or Seller will be created."
"dispatch","Sheet1","791","260500056","DISPATCH_WITHOUT_SALES_ORDER","pboNo","NCLH30000447","Dispatch 260500056 has no matching Sales Order (searched by PBO NCLH30000447, order 251100120, invoice 900006333, chassis MCCJY7PRMTN103585, engine SQRH4J15AGTC60231); it will be imported as a stock dispatch against the physical vehicle only — no Customer, Booking, Sales Order or Seller will be created."
"dispatch","Sheet1","792","260500057","DISPATCH_WITHOUT_SALES_ORDER","pboNo","NCLH30000601","Dispatch 260500057 has no matching Sales Order (searched by PBO NCLH30000601, order 251100271, invoice 900006331, chassis MCCJY7PRMTN103602, engine SQRH4J15AGTC60281); it will be imported as a stock dispatch against the physical vehicle only — no Customer, Booking, Sales Order or Seller will be created."
"dispatch","Sheet1","794","260500059","DISPATCH_WITHOUT_SALES_ORDER","pboNo","NCLH30000431","Dispatch 260500059 has no matching Sales Order (searched by PBO NCLH30000431, order 251100104, invoice 900006332, chassis MCCJY7PRMTN103561, engine SQRH4J15AGTC60012); it will be imported as a stock dispatch against the physical vehicle only — no Customer, Booking, Sales Order or Seller will be created."
"dispatch","Sheet1","795","260500060","DISPATCH_WITHOUT_SALES_ORDER","pboNo","NCLH30000529","Dispatch 260500060 has no matching Sales Order (searched by PBO NCLH30000529, order 251100201, invoice 900006342, chassis MCCJY7PRMTN103567, engine SQRH4J15AGTC60170); it will be imported as a stock dispatch against the physical vehicle only — no Customer, Booking, Sales Order or Seller will be created."
"dispatch","Sheet1","796","260500078","DISPATCH_WITHOUT_SALES_ORDER","pboNo","NCLH30000289","Dispatch 260500078 has no matching Sales Order (searched by PBO NCLH30000289, order 251000157, invoice 900006385, chassis MCCJY7PRMTN103541, engine SQRH4J15AGTC60042); it will be imported as a stock dispatch against the physical vehicle only — no Customer, Booking, Sales Order or Seller will be created."
"dispatch","Sheet1","797","260500079","DISPATCH_WITHOUT_SALES_ORDER","pboNo","NCLH30000478","Dispatch 260500079 has no matching Sales Order (searched by PBO NCLH30000478, order 251100151, invoice 900006384, chassis MCCJY7PRMTN103566, engine SQRH4J15AGTC60462); it will be imported as a stock dispatch against the physical vehicle only — no Customer, Booking, Sales Order or Seller will be created."
"dispatch","Sheet1","798","260500080","DISPATCH_WITHOUT_SALES_ORDER","pboNo","NCLH30000233","Dispatch 260500080 has no matching Sales Order (searched by PBO NCLH30000233, order 251000108, invoice 900006398, chassis MCCJY7PRMTN103598, engine SQRH4J15AGTC60292); it will be imported as a stock dispatch against the physical vehicle only — no Customer, Booking, Sales Order or Seller will be created."
"dispatch","Sheet1","801","260500084","DISPATCH_WITHOUT_SALES_ORDER","pboNo","NCLH30000619","Dispatch 260500084 has no matching Sales Order (searched by PBO NCLH30000619, order 251200004, invoice 900006399, chassis MCCJY7PRMTN103557, engine SQRH4J15AGTC60104); it will be imported as a stock dispatch against the physical vehicle only — no Customer, Booking, Sales Order or Seller will be created."
"dispatch","Sheet1","802","260500085","DISPATCH_WITHOUT_SALES_ORDER","pboNo","","Dispatch 260500085 has no matching Sales Order (searched by chassis MCCJV7HRCTN201671, engine SQRH4J15BTTAJ0735); it will be imported as a stock dispatch against the physical vehicle only — no Customer, Booking, Sales Order or Seller will be created."
"dispatch","Sheet1","815","260500098","DISPATCH_WITHOUT_SALES_ORDER","pboNo","NCLH30000644","Dispatch 260500098 has no matching Sales Order (searched by PBO NCLH30000644, order 251200029, invoice 900006520, chassis MCCJY7PRMTN103850, engine SQRH4J15AGTC60476); it will be imported as a stock dispatch against the physical vehicle only — no Customer, Booking, Sales Order or Seller will be created."
"dispatch","Sheet1","817","260500100","DISPATCH_WITHOUT_SALES_ORDER","pboNo","NCLH30000295","Dispatch 260500100 has no matching Sales Order (searched by PBO NCLH30000295, order 251000160, invoice 900006518, chassis MCCJY7PRMTN103683, engine SQRH4J15AGTB60134); it will be imported as a stock dispatch against the physical vehicle only — no Customer, Booking, Sales Order or Seller will be created."
"dispatch","Sheet1","818","260500101","DISPATCH_WITHOUT_SALES_ORDER","pboNo","NCLH30001919","Dispatch 260500101 has no matching Sales Order (searched by PBO NCLH30001919, order 260400067, invoice 900006523, chassis MCCJY7PRMTN103712, engine SQRH4J15AGTC60118); it will be imported as a stock dispatch against the physical vehicle only — no Customer, Booking, Sales Order or Seller will be created."
"dispatch","Sheet1","843","260500125","DISPATCH_WITHOUT_SALES_ORDER","pboNo","NCLH30000388","Dispatch 260500125 has no matching Sales Order (searched by PBO NCLH30000388, order 251100062, invoice 900006723, chassis MCCJY7PRMTN103833, engine SQRH4J15AGTB60120); it will be imported as a stock dispatch against the physical vehicle only — no Customer, Booking, Sales Order or Seller will be created."
"dispatch","Sheet1","852","260400155","DISPATCH_WITHOUT_SALES_ORDER","pboNo","NCLH30000506","Dispatch 260400155 has no matching Sales Order (searched by PBO NCLH30000506, order 251100179, invoice 900006759, chassis MCCJY7PRMTN103349, engine SQRH4J15AGTA60267); it will be imported as a stock dispatch against the physical vehicle only — no Customer, Booking, Sales Order or Seller will be created."
"dispatch","Sheet1","853","260500134","DISPATCH_WITHOUT_SALES_ORDER","pboNo","","Dispatch 260500134 has no matching Sales Order (searched by chassis MCCJY7PRMTN102466, engine SQRH4J15AGTA60005); it will be imported as a stock dispatch against the physical vehicle only — no Customer, Booking, Sales Order or Seller will be created."
"dispatch","Sheet1","862","260600093","DISPATCH_WITHOUT_SALES_ORDER","pboNo","NCLH30000358","Dispatch 260600093 has no matching Sales Order (searched by PBO NCLH30000358, order 251100040, invoice 900006824, chassis MCCJY7PRMTN103732, engine SQRH4J15AGTC60117); it will be imported as a stock dispatch against the physical vehicle only — no Customer, Booking, Sales Order or Seller will be created."
"dispatch","Sheet1","883","260500160","DISPATCH_WITHOUT_SALES_ORDER","pboNo","","Dispatch 260500160 has no matching Sales Order (searched by chassis LNNBBDBN7SD909325, engine 112AA5AAPDSL10342); it will be imported as a stock dispatch against the physical vehicle only — no Customer, Booking, Sales Order or Seller will be created."
"dispatch","Sheet1","887","260500164","DISPATCH_WITHOUT_SALES_ORDER","pboNo","NCLH30000238","Dispatch 260500164 has no matching Sales Order (searched by PBO NCLH30000238, order 251000113, invoice 900007088, chassis MCCJY7PRMTN103597, engine SQRH4J15AGTC60286); it will be imported as a stock dispatch against the physical vehicle only — no Customer, Booking, Sales Order or Seller will be created."
"dispatch","Sheet1","951","260600017","DISPATCH_WITHOUT_SALES_ORDER","pboNo","NCLH30000649","Dispatch 260600017 has no matching Sales Order (searched by PBO NCLH30000649, order 251200030, invoice 900007608, chassis MCCJY7PRMTN103754, engine SQRH4J15AGTC60109); it will be imported as a stock dispatch against the physical vehicle only — no Customer, Booking, Sales Order or Seller will be created."
"dispatch","Sheet1","970","260600034","DISPATCH_WITHOUT_SALES_ORDER","pboNo","NCLH30000657","Dispatch 260600034 has no matching Sales Order (searched by PBO NCLH30000657, order 251200039, invoice 900007813, chassis MCCJY7PRMTN104033, engine SQRH4J15AGTC60178); it will be imported as a stock dispatch against the physical vehicle only — no Customer, Booking, Sales Order or Seller will be created."
"dispatch","Sheet1","971","260600035","DISPATCH_WITHOUT_SALES_ORDER","pboNo","NCLH30000605","Dispatch 260600035 has no matching Sales Order (searched by PBO NCLH30000605, order 251100275, invoice 900007820, chassis MCCJY7PRMTN104031, engine SQRH4J15AGTC60175); it will be imported as a stock dispatch against the physical vehicle only — no Customer, Booking, Sales Order or Seller will be created."
"dispatch","Sheet1","976","260600040","DISPATCH_WITHOUT_SALES_ORDER","pboNo","NCLH30000614","Dispatch 260600040 has no matching Sales Order (searched by PBO NCLH30000614, order 251100284, invoice 900007847, chassis MCCJY7PRMTN104057, engine SQRH4J15AGTC60410); it will be imported as a stock dispatch against the physical vehicle only — no Customer, Booking, Sales Order or Seller will be created."
"dispatch","Sheet1","997","260400159","DISPATCH_WITHOUT_SALES_ORDER","pboNo","NCLH30000534","Dispatch 260400159 has no matching Sales Order (searched by PBO NCLH30000534, order 251100206, invoice 900008022, chassis MCCJY7PRMTN101558, engine SQRH4J15AGSM60197); it will be imported as a stock dispatch against the physical vehicle only — no Customer, Booking, Sales Order or Seller will be created."
"dispatch","Sheet1","1010","260600071","DISPATCH_WITHOUT_SALES_ORDER","pboNo","NCLH30000621","Dispatch 260600071 has no matching Sales Order (searched by PBO NCLH30000621, order 251200006, invoice 900008092, chassis MCCJY7PRMTN103488, engine SQRH4J15AGTA60619); it will be imported as a stock dispatch against the physical vehicle only — no Customer, Booking, Sales Order or Seller will be created."
"dispatch","Sheet1","1118","260600185","DISPATCH_WITHOUT_SALES_ORDER","pboNo","NCLH30000618","Dispatch 260600185 has no matching Sales Order (searched by PBO NCLH30000618, order 251200003, chassis MCCJY7PRMTN104225, engine SQRH4J15AGTC60274); it will be imported as a stock dispatch against the physical vehicle only — no Customer, Booking, Sales Order or Seller will be created."
"dispatch","Sheet1","1137","260600204","DISPATCH_WITHOUT_SALES_ORDER","pboNo","NCLH30001138","Dispatch 260600204 has no matching Sales Order (searched by PBO NCLH30001138, order 260100478, chassis MCCJV7HRMTN205566, engine SQRH4J15BTTCJ1082); it will be imported as a stock dispatch against the physical vehicle only — no Customer, Booking, Sales Order or Seller will be created."
"dispatch","Sheet1","1240","260700090","DISPATCH_WITHOUT_SALES_ORDER","pboNo","","Dispatch 260700090 has no matching Sales Order (searched by chassis MCCJY7PRMTN104290, engine SQRH4J15AGTC61239); it will be imported as a stock dispatch against the physical vehicle only — no Customer, Booking, Sales Order or Seller will be created."
"dispatch","Sheet1","1241","260700091","DISPATCH_WITHOUT_SALES_ORDER","pboNo","","Dispatch 260700091 has no matching Sales Order (searched by chassis MCCJY7PRMTN104262, engine SQRH4J15AGTC61299); it will be imported as a stock dispatch against the physical vehicle only — no Customer, Booking, Sales Order or Seller will be created."
"dispatch","Sheet1","1242","260700092","DISPATCH_WITHOUT_SALES_ORDER","pboNo","","Dispatch 260700092 has no matching Sales Order (searched by chassis MCCJY7PRMTN104389, engine SQRH4J15AGTC61298); it will be imported as a stock dispatch against the physical vehicle only — no Customer, Booking, Sales Order or Seller will be created."
"dispatch","Sheet1","1243","260700093","DISPATCH_WITHOUT_SALES_ORDER","pboNo","","Dispatch 260700093 has no matching Sales Order (searched by chassis MCCJY7PRMTN104362, engine SQRH4J15AGTC61322); it will be imported as a stock dispatch against the physical vehicle only — no Customer, Booking, Sales Order or Seller will be created."